{"_id":"zYND9NhjKqiniXGG8","finishedAt":"2018-10-31T14:40:39.238Z","gameLobbyId":"wgviroJuWcWKAh5aH","treatmentId":"kR6pYBKSSLHmK4kvX","roundIds":["Dohho4gZt2dPMH3zy"],"playerIds":["Bh7zYDgtGAnzc4aCM","JymXN3em696QASZNP"],"batchId":"xMqzpzSbaXr5yiz4J","createdAt":"2018-10-31T14:19:29.620Z"}
{"_id":"SeFWESv37kvk6HCZr","finishedAt":"2018-10-31T17:17:00.519Z","gameLobbyId":"6ST9QE6fnEv3fYie6","treatmentId":"kR6pYBKSSLHmK4kvX","roundIds":["xi6BjDtSZ7XDXcMDZ"],"playerIds":["Kcr5ZYRvZhaFXrXyY","Kk9nbBJy5oMQvJr3R"],"batchId":"q3q9TxKftoL8WqSZy","createdAt":"2018-10-31T16:48:08.624Z"}
{"_id":"LaieLHagPg4jT5TuF","finishedAt":"2018-11-02T13:15:11.546Z","gameLobbyId":"RY7gxmKGjxXQAQjvR","treatmentId":"kR6pYBKSSLHmK4kvX","roundIds":["gd9HKE5dRtFTatW9p"],"playerIds":["JwxQjFkWzgBBhxEW5","wY2zX2shhAk9fGHEi"],"batchId":"FyS4Eyw2qNbrfXBtA","createdAt":"2018-11-02T12:29:13.832Z"}
{"_id":"gruBaXqSY8HZPRjuD","finishedAt":"2018-11-02T13:18:08.908Z","gameLobbyId":"he9ZuWM48H725RpjQ","treatmentId":"kR6pYBKSSLHmK4kvX","roundIds":["bQLigCEwmwPDKkR95"],"playerIds":["onBRu5BrJqJzkq38o"],"batchId":"FyS4Eyw2qNbrfXBtA","createdAt":"2018-11-02T12:39:47.815Z"}
{"_id":"Xb2WYxtKCcwK4C44b","finishedAt":"2018-11-02T15:15:18.006Z","gameLobbyId":"iM87vk3WK2seBCwfK","treatmentId":"kR6pYBKSSLHmK4kvX","roundIds":["uc8oeatPjKLm7tCFM"],"playerIds":["Ch3JG7xNQnMf83vjw","XjCRtEdaJuq55sF6T"],"batchId":"ntJZegNWeptg2zDXt","createdAt":"2018-11-02T14:53:19.267Z"}
