{"_id":"ni6yEZoJj6SwfMmy2","batchId":"xMqzpzSbaXr5yiz4J","playerId":"JymXN3em696QASZNP","stageId":"FGEp2LnYLzny5rvEr","roundId":"Dohho4gZt2dPMH3zy","gameId":"zYND9NhjKqiniXGG8","createdAt":"2018-10-31T14:19:29.302Z"}
{"_id":"YGWsteBzHdcqW6v4S","batchId":"xMqzpzSbaXr5yiz4J","playerId":"Bh7zYDgtGAnzc4aCM","stageId":"FGEp2LnYLzny5rvEr","roundId":"Dohho4gZt2dPMH3zy","gameId":"zYND9NhjKqiniXGG8","createdAt":"2018-10-31T14:19:29.225Z"}
{"_id":"iNjFmxksQyYrXbNjn","batchId":"xMqzpzSbaXr5yiz4J","playerId":"Bh7zYDgtGAnzc4aCM","stageId":"S2jpm4qEx6fJAR4cv","roundId":"Dohho4gZt2dPMH3zy","gameId":"zYND9NhjKqiniXGG8","createdAt":"2018-10-31T14:19:29.326Z"}
{"_id":"hWQkcnsaC7wP3Kvc9","batchId":"xMqzpzSbaXr5yiz4J","playerId":"JymXN3em696QASZNP","stageId":"S2jpm4qEx6fJAR4cv","roundId":"Dohho4gZt2dPMH3zy","gameId":"zYND9NhjKqiniXGG8","createdAt":"2018-10-31T14:19:29.331Z"}
{"_id":"hvmnbkytC7N2phf4A","batchId":"xMqzpzSbaXr5yiz4J","playerId":"Bh7zYDgtGAnzc4aCM","stageId":"YNjj3aRHEEhytiFZt","roundId":"Dohho4gZt2dPMH3zy","gameId":"zYND9NhjKqiniXGG8","createdAt":"2018-10-31T14:19:29.421Z"}
{"_id":"3ho3zqhfebYveetre","batchId":"xMqzpzSbaXr5yiz4J","playerId":"JymXN3em696QASZNP","stageId":"YNjj3aRHEEhytiFZt","roundId":"Dohho4gZt2dPMH3zy","gameId":"zYND9NhjKqiniXGG8","createdAt":"2018-10-31T14:19:29.426Z"}
{"_id":"agWcGjYcDNaXKLHun","batchId":"q3q9TxKftoL8WqSZy","playerId":"Kcr5ZYRvZhaFXrXyY","stageId":"9biThoRpNrLjvw8j3","roundId":"xi6BjDtSZ7XDXcMDZ","gameId":"SeFWESv37kvk6HCZr","createdAt":"2018-10-31T16:48:08.230Z"}
{"_id":"oDFesZQfpe7oFhG3t","batchId":"q3q9TxKftoL8WqSZy","playerId":"Kk9nbBJy5oMQvJr3R","stageId":"9biThoRpNrLjvw8j3","roundId":"xi6BjDtSZ7XDXcMDZ","gameId":"SeFWESv37kvk6HCZr","createdAt":"2018-10-31T16:48:08.320Z"}
{"_id":"WmqtSPwvFkuanKCdA","batchId":"q3q9TxKftoL8WqSZy","playerId":"Kcr5ZYRvZhaFXrXyY","stageId":"DRuDW6jWvvMiqw8gJ","roundId":"xi6BjDtSZ7XDXcMDZ","gameId":"SeFWESv37kvk6HCZr","createdAt":"2018-10-31T16:48:08.405Z"}
{"_id":"zqmNjTrPw77uQenyg","batchId":"q3q9TxKftoL8WqSZy","playerId":"Kk9nbBJy5oMQvJr3R","stageId":"DRuDW6jWvvMiqw8gJ","roundId":"xi6BjDtSZ7XDXcMDZ","gameId":"SeFWESv37kvk6HCZr","createdAt":"2018-10-31T16:48:08.411Z"}
{"_id":"8a5gEZXzGjbxWP5KW","batchId":"q3q9TxKftoL8WqSZy","playerId":"Kcr5ZYRvZhaFXrXyY","stageId":"x9KsCEFjkt5XJQFqj","roundId":"xi6BjDtSZ7XDXcMDZ","gameId":"SeFWESv37kvk6HCZr","createdAt":"2018-10-31T16:48:08.508Z"}
{"_id":"BBQhtWomZAaZNredA","batchId":"q3q9TxKftoL8WqSZy","playerId":"Kk9nbBJy5oMQvJr3R","stageId":"x9KsCEFjkt5XJQFqj","roundId":"xi6BjDtSZ7XDXcMDZ","gameId":"SeFWESv37kvk6HCZr","createdAt":"2018-10-31T16:48:08.516Z"}
{"_id":"PY2p7m9t8vPFmTA87","batchId":"FyS4Eyw2qNbrfXBtA","playerId":"JwxQjFkWzgBBhxEW5","stageId":"fxtDsYem9ZQ529b3o","roundId":"gd9HKE5dRtFTatW9p","gameId":"LaieLHagPg4jT5TuF","createdAt":"2018-11-02T12:29:13.634Z"}
{"_id":"qo5s2do8tkQsf8j2Y","batchId":"FyS4Eyw2qNbrfXBtA","playerId":"wY2zX2shhAk9fGHEi","stageId":"fxtDsYem9ZQ529b3o","roundId":"gd9HKE5dRtFTatW9p","gameId":"LaieLHagPg4jT5TuF","createdAt":"2018-11-02T12:29:13.708Z"}
{"_id":"nJYpPqfbEfuwE4enr","batchId":"FyS4Eyw2qNbrfXBtA","playerId":"JwxQjFkWzgBBhxEW5","stageId":"Jxb5kasTQbNmnzBTj","roundId":"gd9HKE5dRtFTatW9p","gameId":"LaieLHagPg4jT5TuF","createdAt":"2018-11-02T12:29:13.724Z"}
{"_id":"KG7eJCFRmgPK6f5df","batchId":"FyS4Eyw2qNbrfXBtA","playerId":"wY2zX2shhAk9fGHEi","stageId":"Jxb5kasTQbNmnzBTj","roundId":"gd9HKE5dRtFTatW9p","gameId":"LaieLHagPg4jT5TuF","createdAt":"2018-11-02T12:29:13.727Z"}
{"_id":"e7ZZ2NkfKnoHj6zLp","batchId":"FyS4Eyw2qNbrfXBtA","playerId":"onBRu5BrJqJzkq38o","stageId":"YGFXvbYN9esjNttkn","roundId":"bQLigCEwmwPDKkR95","gameId":"gruBaXqSY8HZPRjuD","createdAt":"2018-11-02T12:39:47.307Z"}
{"_id":"WXXbsPW53NnfJtGZK","batchId":"FyS4Eyw2qNbrfXBtA","playerId":"onBRu5BrJqJzkq38o","stageId":"aBanR7qkjDfXvpRpP","roundId":"bQLigCEwmwPDKkR95","gameId":"gruBaXqSY8HZPRjuD","createdAt":"2018-11-02T12:39:47.510Z"}
{"_id":"WswJiCbdKXr7nsJnp","batchId":"FyS4Eyw2qNbrfXBtA","playerId":"JwxQjFkWzgBBhxEW5","stageId":"rmNFj32TpYNR7A96z","roundId":"gd9HKE5dRtFTatW9p","gameId":"LaieLHagPg4jT5TuF","createdAt":"2018-11-02T12:29:13.516Z"}
{"_id":"WPHDjaXahd63RCCi6","batchId":"FyS4Eyw2qNbrfXBtA","playerId":"wY2zX2shhAk9fGHEi","stageId":"rmNFj32TpYNR7A96z","roundId":"gd9HKE5dRtFTatW9p","gameId":"LaieLHagPg4jT5TuF","createdAt":"2018-11-02T12:29:13.525Z"}
{"_id":"Nf5mTmjudxYMfr3dp","batchId":"FyS4Eyw2qNbrfXBtA","playerId":"onBRu5BrJqJzkq38o","stageId":"2X28zw5ngNpYxzJax","roundId":"bQLigCEwmwPDKkR95","gameId":"gruBaXqSY8HZPRjuD","createdAt":"2018-11-02T12:39:47.610Z"}
{"_id":"qQmvTsGpkFtKzDuM6","batchId":"ntJZegNWeptg2zDXt","playerId":"Ch3JG7xNQnMf83vjw","stageId":"FqJuCm2rQ6hbEkCBP","roundId":"uc8oeatPjKLm7tCFM","gameId":"Xb2WYxtKCcwK4C44b","createdAt":"2018-11-02T14:53:18.865Z"}
{"_id":"LEfyG4jdHSsxkdfoK","batchId":"ntJZegNWeptg2zDXt","playerId":"XjCRtEdaJuq55sF6T","stageId":"FqJuCm2rQ6hbEkCBP","roundId":"uc8oeatPjKLm7tCFM","gameId":"Xb2WYxtKCcwK4C44b","createdAt":"2018-11-02T14:53:18.870Z"}
{"_id":"bbbDz8272aX2qvXjj","batchId":"ntJZegNWeptg2zDXt","playerId":"Ch3JG7xNQnMf83vjw","stageId":"ZnEaQd4REtAhEh2dB","roundId":"uc8oeatPjKLm7tCFM","gameId":"Xb2WYxtKCcwK4C44b","createdAt":"2018-11-02T14:53:18.968Z"}
{"_id":"FbnqrZZ47wq2bQiSK","batchId":"ntJZegNWeptg2zDXt","playerId":"XjCRtEdaJuq55sF6T","stageId":"ZnEaQd4REtAhEh2dB","roundId":"uc8oeatPjKLm7tCFM","gameId":"Xb2WYxtKCcwK4C44b","createdAt":"2018-11-02T14:53:19.046Z"}
{"_id":"uGdp4Tk7sSjJAqba9","batchId":"ntJZegNWeptg2zDXt","playerId":"Ch3JG7xNQnMf83vjw","stageId":"YCQzett4XFxJ2BJEC","roundId":"uc8oeatPjKLm7tCFM","gameId":"Xb2WYxtKCcwK4C44b","createdAt":"2018-11-02T14:53:19.074Z"}
{"_id":"z4E2wfp4rKvAzRpkB","batchId":"ntJZegNWeptg2zDXt","playerId":"XjCRtEdaJuq55sF6T","stageId":"YCQzett4XFxJ2BJEC","roundId":"uc8oeatPjKLm7tCFM","gameId":"Xb2WYxtKCcwK4C44b","createdAt":"2018-11-02T14:53:19.082Z"}
