{"_id":"Bh7zYDgtGAnzc4aCM","id":"mathieu_test3","urlParams":{},"readyAt":"2018-10-31T14:17:53.200Z","exitStepsDone":["ExitSurvey"],"exitAt":"2018-10-31T14:40:39.222Z","exitStatus":"finished","createdAt":"2018-10-31T14:17:32.741Z","data.name":"Anne","data.avatar":"/avatars/jdenticon/Colton","data.nameColor":"#3D50B7","data.bonus":0}
{"_id":"JymXN3em696QASZNP","id":"appalled","urlParams":{},"readyAt":"2018-10-31T14:19:30.742Z","exitStepsDone":["ExitSurvey"],"exitAt":"2018-10-31T14:40:39.222Z","exitStatus":"finished","createdAt":"2018-10-31T14:17:39.224Z","data.name":"Charlie","data.avatar":"/avatars/jdenticon/Aaron","data.nameColor":"#70A945","data.bonus":0}
{"_id":"Kcr5ZYRvZhaFXrXyY","id":"lln2792","urlParams":{},"readyAt":"2018-10-31T16:46:34.540Z","exitStepsDone":["ExitSurvey"],"exitAt":"2018-10-31T17:16:59.919Z","exitStatus":"finished","createdAt":"2018-10-31T16:44:00.034Z","data.name":"Anne","data.avatar":"/avatars/jdenticon/Colton","data.nameColor":"#3D50B7","data.bonus":0}
{"_id":"Kk9nbBJy5oMQvJr3R","id":"sdfsdf","urlParams":{},"readyAt":"2018-10-31T16:48:10.515Z","exitStepsDone":["ExitSurvey"],"exitAt":"2018-10-31T17:16:59.919Z","exitStatus":"finished","createdAt":"2018-10-31T16:44:56.188Z","data.name":"Charlie","data.avatar":"/avatars/jdenticon/Aaron","data.nameColor":"#70A945","data.bonus":0}
{"_id":"SuXyWXPFPrYrXcTjL","id":"AWZR4H0QX23W4","urlParams":{},"exitStepsDone":[],"exitAt":"2018-11-02T09:37:04.542Z","exitStatus":"gameLobbyTimedOut","createdAt":"2018-11-02T09:28:15.263Z"}
{"_id":"EKmzZtqEGarn8uBmg","id":"AD5PG2OAEDLK5","urlParams":{},"exitStepsDone":[],"exitAt":"2018-11-02T09:37:04.542Z","exitStatus":"gameLobbyTimedOut","createdAt":"2018-11-02T09:28:58.843Z"}
{"_id":"JvP26Cvw8sHJGdxyQ","id":"A2R89RXGEVG05I","urlParams":{},"exitStepsDone":[],"exitAt":"2018-11-02T09:37:04.542Z","exitStatus":"gameLobbyTimedOut","createdAt":"2018-11-02T09:30:02.491Z"}
{"_id":"WHqpnxiHuPQbkyvA7","id":"A2V9UXTDK0LFT8","urlParams":{},"exitStepsDone":[],"exitAt":"2018-11-02T09:37:04.542Z","exitStatus":"gameLobbyTimedOut","createdAt":"2018-11-02T09:32:03.044Z"}
{"_id":"2aGixkkzL8AjXFpQK","id":"A2KLPPHX2Y1EME","urlParams":{},"exitStepsDone":[],"exitAt":"2018-11-02T09:37:04.542Z","exitStatus":"gameLobbyTimedOut","createdAt":"2018-11-02T09:33:40.693Z"}
{"_id":"uCX8292brkgkRxkkN","id":"AGC3T6724JUAF","urlParams":{},"readyAt":"2018-11-02T09:32:03.739Z","exitStepsDone":[],"exitAt":"2018-11-02T09:37:04.542Z","exitStatus":"gameLobbyTimedOut","createdAt":"2018-11-02T09:30:22.139Z"}
{"_id":"FbovioA34F83cSyp4","id":"DanTest112","urlParams":{},"readyAt":"2018-11-02T09:50:28.856Z","exitStepsDone":[],"exitAt":"2018-11-02T12:05:49.136Z","exitStatus":"gameCancelled","createdAt":"2018-11-02T09:50:12.570Z"}
{"_id":"ky7ErP8PvsXtrn3RP","id":"A31UVMRUFGGJ12","urlParams":{},"exitStepsDone":[],"exitAt":"2018-11-02T09:55:29.055Z","exitStatus":"gameLobbyTimedOut","createdAt":"2018-11-02T09:52:07.636Z"}
{"_id":"fkSZ5kytL544373Ap","id":"DanTest2","urlParams":{},"readyAt":"2018-11-02T10:10:47.638Z","exitStepsDone":[],"exitAt":"2018-11-02T12:05:49.136Z","exitStatus":"gameCancelled","createdAt":"2018-11-02T10:10:39.728Z"}
{"_id":"48eP5kSJKpe2D82Wx","id":"A2AV9P8D9NZGHK","urlParams":{},"readyAt":"2018-11-02T10:09:56.447Z","exitStepsDone":[],"exitAt":"2018-11-02T12:05:49.136Z","exitStatus":"gameCancelled","createdAt":"2018-11-02T10:01:23.560Z"}
{"_id":"u8rGXq2oLaD6scPny","id":"Danyest","urlParams":{},"readyAt":"2018-11-02T10:16:04.551Z","exitStepsDone":[],"createdAt":"2018-11-02T10:15:51.781Z"}
{"_id":"JLuQnB8MznPXHJJKe","id":"A19Q990ORTCBN4","urlParams":{},"readyAt":"2018-11-02T10:23:55.739Z","exitStepsDone":[],"exitAt":"2018-11-02T12:05:49.136Z","exitStatus":"gameCancelled","createdAt":"2018-11-02T10:09:14.023Z"}
{"_id":"HMgSRiPiXP6ZDFcmm","id":"A1Q1HSGBD1POWV","urlParams":{},"exitStepsDone":[],"exitAt":"2018-11-02T12:39:48.214Z","exitStatus":"gameFull","createdAt":"2018-11-02T12:10:43.232Z"}
{"_id":"NBZiL3FYoxm5XmR3D","id":"A11FRLH5KWRLBV","urlParams":{},"exitStepsDone":[],"exitAt":"2018-11-02T12:39:48.214Z","exitStatus":"gameFull","createdAt":"2018-11-02T12:16:33.518Z"}
{"_id":"JwxQjFkWzgBBhxEW5","id":"A2B6IFOZY2D4A4","urlParams":{},"readyAt":"2018-11-02T12:19:36.129Z","exitStepsDone":[],"exitAt":"2018-11-02T13:15:11.537Z","exitStatus":"finished","createdAt":"2018-11-02T12:18:45.993Z","data.name":"Anne","data.avatar":"/avatars/jdenticon/Colton","data.nameColor":"#3D50B7","data.score":0,"data.satisfied":false}
{"_id":"AQm9j9Le3T7GTnuZg","id":"A2KBTDHM44J7X4","urlParams":{},"exitStepsDone":[],"createdAt":"2018-11-02T14:40:41.102Z"}
{"_id":"6zFov2keFkJ8cSbKB","id":"A2HLN881PZEDF3","urlParams":{},"exitStepsDone":[],"createdAt":"2018-11-02T14:42:49.645Z"}
{"_id":"FDhfKhME6Hvqhb4oW","id":"A231NWABLIYWK5","urlParams":{},"exitStepsDone":[],"createdAt":"2018-11-02T14:43:56.788Z"}
{"_id":"Kgp2NJ9oXfdmmDX7Z","id":"A125KW9P18V5Z1","urlParams":{},"exitStepsDone":[],"createdAt":"2018-11-02T15:20:43.849Z"}
{"_id":"wY2zX2shhAk9fGHEi","id":"AW45SZDR1C2VS","urlParams":{},"readyAt":"2018-11-02T12:29:14.309Z","exitStepsDone":[],"exitAt":"2018-11-02T13:15:11.537Z","exitStatus":"finished","createdAt":"2018-11-02T12:28:48.106Z","data.name":"Charlie","data.avatar":"/avatars/jdenticon/Aaron","data.nameColor":"#70A945","data.score":0,"data.satisfied":false}
{"_id":"onBRu5BrJqJzkq38o","id":"A22G7GBPIVCC9X","urlParams":{},"readyAt":"2018-11-02T12:19:39.812Z","exitStepsDone":[],"exitAt":"2018-11-02T13:18:08.841Z","exitStatus":"finished","createdAt":"2018-11-02T12:16:27.620Z","data.name":"Anne","data.avatar":"/avatars/jdenticon/Colton","data.nameColor":"#3D50B7","data.score":0,"data.satisfied":true}
{"_id":"Ch3JG7xNQnMf83vjw","id":"AY4EQTZ5Y77TT","urlParams":{},"readyAt":"2018-11-02T14:53:19.766Z","exitStepsDone":["ExitSurvey"],"exitAt":"2018-11-02T15:15:17.984Z","exitStatus":"finished","createdAt":"2018-11-02T14:52:38.187Z","data.name":"Anne","data.avatar":"/avatars/jdenticon/Colton","data.nameColor":"#3D50B7","data.score":0,"data.satisfied":true}
{"_id":"XjCRtEdaJuq55sF6T","id":"A1OBB3PWYWK9KK","urlParams":{},"readyAt":"2018-11-02T14:52:54.744Z","exitStepsDone":["ExitSurvey"],"exitAt":"2018-11-02T15:15:17.984Z","exitStatus":"finished","createdAt":"2018-11-02T14:52:18.448Z","data.name":"Charlie","data.avatar":"/avatars/jdenticon/Aaron","data.nameColor":"#70A945","data.score":0,"data.satisfied":true}
{"_id":"ngrWuxACaN7xNhGGm","id":"A2JO89Y1R0FBQZ","urlParams":{},"readyAt":"2018-11-02T15:35:15.255Z","exitStepsDone":[],"createdAt":"2018-11-02T15:34:02.901Z"}
{"_id":"FRApJJkRLGP3uFv3j","id":"AV7UX8QQXABSK","urlParams":{},"exitStepsDone":[],"createdAt":"2018-11-02T15:45:35.993Z"}
