{"_id":"xMqzpzSbaXr5yiz4J","assignment":"simple","full":true,"runningAt":"2018-10-31T14:17:15.648Z","finishedAt":"2018-10-31T14:40:39.321Z","status":"finished","gameIds":[],"gameLobbyIds":["wgviroJuWcWKAh5aH"],"createdAt":"2018-10-31T14:17:11.662Z"}
{"_id":"q3q9TxKftoL8WqSZy","assignment":"simple","full":true,"runningAt":"2018-10-31T16:43:07.265Z","finishedAt":"2018-10-31T17:17:00.715Z","status":"finished","gameIds":[],"gameLobbyIds":["6ST9QE6fnEv3fYie6"],"createdAt":"2018-10-31T16:43:05.967Z"}
{"_id":"nzk7TJssG5j9C32cN","assignment":"simple","full":true,"runningAt":"2018-11-02T08:55:36.843Z","finishedAt":"2018-11-02T09:37:04.446Z","status":"finished","gameIds":[],"gameLobbyIds":["8Tn4MkTfXgBnaHay7"],"createdAt":"2018-11-02T08:55:34.445Z"}
{"_id":"pDS9PXoPYtMTQWEuo","assignment":"simple","full":false,"runningAt":"2018-11-02T09:43:48.397Z","status":"cancelled","gameIds":[],"gameLobbyIds":["vZ9SjwZuGpXMqt8Yg","kkid65NHxZaZoRfgy","P5BqW4aAuqv7KJBfu","CQXcNDxnadn6axiQt","XJcnMPnKbfWxmPMfi"],"createdAt":"2018-11-02T09:43:45.951Z"}
{"_id":"a9zZ7nRN4Rz5gegPc","assignment":"simple","full":false,"status":"cancelled","gameIds":[],"gameLobbyIds":["PDAcugPsXxrYE7woH","nZMXgyJo3DfSnsLq2","pDSnx2BEc5KieiHKA","Br3R4HrYnnkY54w3L","gy37eHBdadxwvSGRZ"],"createdAt":"2018-11-02T12:06:59.804Z"}
{"_id":"FyS4Eyw2qNbrfXBtA","assignment":"simple","full":true,"runningAt":"2018-11-02T12:07:23.619Z","finishedAt":"2018-11-02T13:18:08.927Z","status":"finished","gameIds":[],"gameLobbyIds":["RY7gxmKGjxXQAQjvR","he9ZuWM48H725RpjQ"],"createdAt":"2018-11-02T12:07:20.085Z"}
{"_id":"ntJZegNWeptg2zDXt","assignment":"simple","full":true,"runningAt":"2018-11-02T14:36:26.389Z","finishedAt":"2018-11-02T16:57:55.144Z","status":"finished","gameIds":[],"gameLobbyIds":["NLDrjfnvcshzyW3Yd","iM87vk3WK2seBCwfK"],"createdAt":"2018-11-02T14:36:24.571Z"}
{"_id":"R2NCbh7nWpPmmMaYR","assignment":"simple","full":false,"runningAt":"2018-11-02T16:45:20.913Z","status":"cancelled","gameIds":[],"gameLobbyIds":["yCebv98utop8TiHHE","EhCAhWtEFdTWsezMk"],"createdAt":"2018-11-02T16:45:18.950Z"}
