{"_id":"mThbD2hqTZMfZ78mQ","batchId":"xMqzpzSbaXr5yiz4J","playerId":"Bh7zYDgtGAnzc4aCM","roundId":"Dohho4gZt2dPMH3zy","gameId":"zYND9NhjKqiniXGG8","createdAt":"2018-10-31T14:19:29.512Z"}
{"_id":"XaQndXhZJrLyZ5qpa","batchId":"xMqzpzSbaXr5yiz4J","playerId":"JymXN3em696QASZNP","roundId":"Dohho4gZt2dPMH3zy","gameId":"zYND9NhjKqiniXGG8","createdAt":"2018-10-31T14:19:29.517Z"}
{"_id":"azTPWyP54vZ23npjR","batchId":"q3q9TxKftoL8WqSZy","playerId":"Kcr5ZYRvZhaFXrXyY","roundId":"xi6BjDtSZ7XDXcMDZ","gameId":"SeFWESv37kvk6HCZr","createdAt":"2018-10-31T16:48:08.605Z"}
{"_id":"bfRJD2zXcJqXcNTJC","batchId":"q3q9TxKftoL8WqSZy","playerId":"Kk9nbBJy5oMQvJr3R","roundId":"xi6BjDtSZ7XDXcMDZ","gameId":"SeFWESv37kvk6HCZr","createdAt":"2018-10-31T16:48:08.610Z"}
{"_id":"7gkauioN9n8eaL7Mj","batchId":"FyS4Eyw2qNbrfXBtA","playerId":"JwxQjFkWzgBBhxEW5","roundId":"gd9HKE5dRtFTatW9p","gameId":"LaieLHagPg4jT5TuF","createdAt":"2018-11-02T12:29:13.813Z"}
{"_id":"wPw6RPfpWAgKJfDp4","batchId":"FyS4Eyw2qNbrfXBtA","playerId":"wY2zX2shhAk9fGHEi","roundId":"gd9HKE5dRtFTatW9p","gameId":"LaieLHagPg4jT5TuF","createdAt":"2018-11-02T12:29:13.817Z"}
{"_id":"wZF2YiwqX7SNLRcmy","batchId":"FyS4Eyw2qNbrfXBtA","playerId":"onBRu5BrJqJzkq38o","roundId":"bQLigCEwmwPDKkR95","gameId":"gruBaXqSY8HZPRjuD","createdAt":"2018-11-02T12:39:47.711Z"}
{"_id":"sTx3M2Z9QRLhFapX3","batchId":"ntJZegNWeptg2zDXt","playerId":"Ch3JG7xNQnMf83vjw","roundId":"uc8oeatPjKLm7tCFM","gameId":"Xb2WYxtKCcwK4C44b","createdAt":"2018-11-02T14:53:19.166Z"}
{"_id":"kGz4DFpZsdgitrHSr","batchId":"ntJZegNWeptg2zDXt","playerId":"XjCRtEdaJuq55sF6T","roundId":"uc8oeatPjKLm7tCFM","gameId":"Xb2WYxtKCcwK4C44b","createdAt":"2018-11-02T14:53:19.171Z"}
{"_id":"m2NCzF4zrum5GaPKf","batchId":"ntJZegNWeptg2zDXt","playerId":"6RQbrPuobcZDtNrnv","roundId":"kxr74y9W8apLw4qBK","gameId":"6rPgxcnyQyd5gmuST","createdAt":"2018-11-02T16:07:50.892Z"}
