{"_id":"k7QqYPPjMKm2vcub8","assignment":"simple","full":true,"runningAt":"2018-11-01T23:28:49.073Z","finishedAt":"2018-11-01T23:58:51.644Z","status":"finished","gameIds":[],"gameLobbyIds":["qGy8LP3RoSiWNPWG9"],"createdAt":"2018-11-01T23:28:47.476Z"}
{"_id":"PuctHqAND2kjFfWnY","assignment":"simple","full":true,"runningAt":"2018-11-01T23:59:04.195Z","finishedAt":"2018-11-02T00:28:02.722Z","status":"finished","gameIds":[],"gameLobbyIds":["zEwu2XPX3Crnuckfr"],"createdAt":"2018-11-01T23:59:03.332Z"}
{"_id":"pukELPjq4f4xPmSCf","assignment":"simple","full":true,"runningAt":"2018-11-02T00:28:57.699Z","finishedAt":"2018-11-02T00:55:39.737Z","status":"finished","gameIds":[],"gameLobbyIds":["f3wqndtoDMdGdGbBb"],"createdAt":"2018-11-02T00:28:56.877Z"}
{"_id":"FqBgqeF4qAwQRPjiM","assignment":"simple","full":true,"runningAt":"2018-11-02T00:55:53.928Z","finishedAt":"2018-11-02T01:01:38.039Z","status":"finished","gameIds":[],"gameLobbyIds":["dK9gjbPLAMHpKNfHm"],"createdAt":"2018-11-02T00:55:51.277Z"}
{"_id":"PiEdWugARE2MwQkMW","assignment":"simple","full":true,"runningAt":"2018-11-02T01:03:33.678Z","status":"cancelled","gameIds":[],"gameLobbyIds":["7Hz47tQXzz2iE7fwi"],"createdAt":"2018-11-02T01:03:32.087Z"}
{"_id":"HysDBwNsihF5xpdKJ","assignment":"simple","full":true,"runningAt":"2018-11-02T01:05:30.065Z","finishedAt":"2018-11-02T01:06:48.102Z","status":"finished","gameIds":[],"gameLobbyIds":["jqw6cwL3FDtHy587p"],"createdAt":"2018-11-02T01:05:28.751Z"}
{"_id":"QiDb9x949LSiWfxE5","assignment":"simple","full":true,"runningAt":"2018-11-02T01:07:11.971Z","finishedAt":"2018-11-02T01:08:12.370Z","status":"finished","gameIds":[],"gameLobbyIds":["kb3hBfEHmo8MwG94B"],"createdAt":"2018-11-02T01:07:10.524Z"}
{"_id":"MYhWYWmsszSqyF9jj","assignment":"simple","full":true,"runningAt":"2018-11-02T01:08:30.675Z","status":"cancelled","gameIds":[],"gameLobbyIds":["ftAaSSCo4cbT4uBH3"],"createdAt":"2018-11-02T01:08:29.519Z"}
{"_id":"DnJc2DiHTTKiP7MHJ","assignment":"simple","full":true,"runningAt":"2018-11-02T11:10:58.989Z","finishedAt":"2018-11-02T11:12:58.633Z","status":"finished","gameIds":[],"gameLobbyIds":["E4HjpzeMnxRtgmWyg"],"createdAt":"2018-11-02T11:10:57.388Z"}
