{"_id":"xjQjs6fzfpYDTGfwo","name":"solo","value":1,"factorTypeId":"f32f7HPGCuhjfXMMY","createdAt":"2018-10-29T15:45:22.628Z"}
{"_id":"ejhZfJ8E4k6iAGmcR","name":"pair","value":2,"factorTypeId":"f32f7HPGCuhjfXMMY","createdAt":"2018-10-29T15:45:29.064Z"}
{"_id":"wKE2gimdSTxfryFrX","name":"short","value":300,"factorTypeId":"HSi5AeK2LzD29Sfz4","createdAt":"2018-10-29T15:46:59.841Z"}
{"_id":"vFoWs24JoC9TetLdm","name":"single","value":1,"factorTypeId":"sSPSjDpYfDu2Dtv4n","createdAt":"2018-10-29T15:49:04.288Z"}
{"_id":"XrEEtF2oHLEAARtch","name":"multi","value":3,"factorTypeId":"sSPSjDpYfDu2Dtv4n","createdAt":"2018-10-29T15:49:15.468Z"}
{"_id":"3aNnE7LLy33YXQgwQ","name":"debugMode","value":1000,"factorTypeId":"HSi5AeK2LzD29Sfz4","createdAt":"2018-10-29T15:50:05.190Z"}
{"_id":"4QqXEjtqvLt8SMRP9","name":"true","value":true,"factorTypeId":"BWfna89zCHZWjQANR","createdAt":"2018-10-29T16:30:58.362Z"}
{"_id":"gAeLyEQ7mxooswLfo","name":"false","value":false,"factorTypeId":"BWfna89zCHZWjQANR","createdAt":"2018-10-29T16:30:58.370Z"}
