{"_id":"qGy8LP3RoSiWNPWG9","index":0,"availableCount":2,"timeoutStartedAt":"2018-11-01T23:29:01.974Z","queuedPlayerIds":["7Mm5QmBhHB7TKn4xj","6beD7NL35BJjKkmJh"],"playerIds":["7Mm5QmBhHB7TKn4xj","6beD7NL35BJjKkmJh"],"gameId":"fAaJQ6Szv4ihw7qby","treatmentId":"ZGjaF65LxShzFLASS","batchId":"k7QqYPPjMKm2vcub8","lobbyConfigId":"Rvop8RAM6pEhjibRy","createdAt":"2018-11-01T23:28:47.619Z"}
{"_id":"zEwu2XPX3Crnuckfr","index":0,"availableCount":2,"timeoutStartedAt":"2018-11-01T23:59:24.911Z","queuedPlayerIds":["dQyEGaYsjK3BQBwPd","njTG3NLFhbJZoSfan"],"playerIds":["dQyEGaYsjK3BQBwPd","njTG3NLFhbJZoSfan"],"gameId":"cbtzmqiZr8fuxJuxS","treatmentId":"ZGjaF65LxShzFLASS","batchId":"PuctHqAND2kjFfWnY","lobbyConfigId":"Rvop8RAM6pEhjibRy","createdAt":"2018-11-01T23:59:03.347Z"}
{"_id":"f3wqndtoDMdGdGbBb","index":0,"availableCount":2,"timeoutStartedAt":"2018-11-02T00:29:25.692Z","queuedPlayerIds":["joCNBZxdgAmGFQvSi","YJG7i3R3dRcX59iwC"],"playerIds":["joCNBZxdgAmGFQvSi","YJG7i3R3dRcX59iwC"],"gameId":"Q3q8T5gBiCzsoMuJh","treatmentId":"ZGjaF65LxShzFLASS","batchId":"pukELPjq4f4xPmSCf","lobbyConfigId":"Rvop8RAM6pEhjibRy","createdAt":"2018-11-02T00:28:56.888Z"}
{"_id":"dK9gjbPLAMHpKNfHm","index":0,"availableCount":2,"timeoutStartedAt":"2018-11-02T00:56:29.511Z","queuedPlayerIds":["ed7o8Lc2d5ud4WJQh","xjux5KKWC2tbgZAHb"],"playerIds":["xjux5KKWC2tbgZAHb","ed7o8Lc2d5ud4WJQh"],"gameId":"9cC4X6qjk5EtZaQWo","treatmentId":"ZGjaF65LxShzFLASS","batchId":"FqBgqeF4qAwQRPjiM","lobbyConfigId":"Rvop8RAM6pEhjibRy","createdAt":"2018-11-02T00:55:51.298Z"}
{"_id":"7Hz47tQXzz2iE7fwi","index":0,"availableCount":2,"timeoutStartedAt":"2018-11-02T01:04:05.663Z","queuedPlayerIds":["obSWWwSoMjx9wFQQD","xw6mkaEh93EnA7LzH"],"playerIds":["xw6mkaEh93EnA7LzH","obSWWwSoMjx9wFQQD"],"gameId":"Yf3S6NuDZFuimejMW","treatmentId":"ZGjaF65LxShzFLASS","batchId":"PiEdWugARE2MwQkMW","lobbyConfigId":"Rvop8RAM6pEhjibRy","createdAt":"2018-11-02T01:03:32.109Z"}
{"_id":"jqw6cwL3FDtHy587p","index":0,"availableCount":1,"queuedPlayerIds":["ykd6NdDp74zipxaPy"],"playerIds":["ykd6NdDp74zipxaPy"],"gameId":"fNqrnA3PifK5vvp6y","treatmentId":"WtK8o3HeWPjJcG436","batchId":"HysDBwNsihF5xpdKJ","lobbyConfigId":"Rvop8RAM6pEhjibRy","createdAt":"2018-11-02T01:05:28.770Z"}
{"_id":"kb3hBfEHmo8MwG94B","index":0,"availableCount":1,"queuedPlayerIds":["7SNixCqv2Li5pTPbS"],"playerIds":["7SNixCqv2Li5pTPbS"],"gameId":"kiXSJGnNjLKEptZrC","treatmentId":"qfaQXdo7bbxN4mZkF","batchId":"QiDb9x949LSiWfxE5","lobbyConfigId":"Rvop8RAM6pEhjibRy","createdAt":"2018-11-02T01:07:10.551Z"}
{"_id":"ftAaSSCo4cbT4uBH3","index":0,"availableCount":2,"timeoutStartedAt":"2018-11-02T01:09:10.754Z","queuedPlayerIds":["MtkeY8FbYRrPvLprc","ZdMhH9hetcusS9aug"],"playerIds":["MtkeY8FbYRrPvLprc","ZdMhH9hetcusS9aug"],"gameId":"Eu3m9QpBcAqqKs2QB","treatmentId":"EoP7sFZMdciTX922z","batchId":"MYhWYWmsszSqyF9jj","lobbyConfigId":"Rvop8RAM6pEhjibRy","createdAt":"2018-11-02T01:08:29.531Z"}
{"_id":"E4HjpzeMnxRtgmWyg","index":0,"availableCount":2,"timeoutStartedAt":"2018-11-02T11:11:27.724Z","queuedPlayerIds":["wipLCvd96neEX9B7e"],"playerIds":["wipLCvd96neEX9B7e"],"gameId":"KoonQcwRTZb4WR2SD","treatmentId":"ZGjaF65LxShzFLASS","batchId":"DnJc2DiHTTKiP7MHJ","lobbyConfigId":"uca6otv3STP7WeTSh","createdAt":"2018-11-02T11:10:57.430Z"}
