{"_id":"fAaJQ6Szv4ihw7qby","finishedAt":"2018-11-01T23:58:51.542Z","gameLobbyId":"qGy8LP3RoSiWNPWG9","treatmentId":"ZGjaF65LxShzFLASS","roundIds":["FmQ8qHj8Bx7zpn4HC"],"playerIds":["6beD7NL35BJjKkmJh","7Mm5QmBhHB7TKn4xj"],"batchId":"k7QqYPPjMKm2vcub8","createdAt":"2018-11-01T23:29:39.633Z"}
{"_id":"cbtzmqiZr8fuxJuxS","finishedAt":"2018-11-02T00:28:02.685Z","gameLobbyId":"zEwu2XPX3Crnuckfr","treatmentId":"ZGjaF65LxShzFLASS","roundIds":["NwJFahi6k9dJRcY3S"],"playerIds":["dQyEGaYsjK3BQBwPd","njTG3NLFhbJZoSfan"],"batchId":"PuctHqAND2kjFfWnY","createdAt":"2018-11-01T23:59:35.179Z"}
{"_id":"Q3q8T5gBiCzsoMuJh","finishedAt":"2018-11-02T00:55:39.722Z","gameLobbyId":"f3wqndtoDMdGdGbBb","treatmentId":"ZGjaF65LxShzFLASS","roundIds":["QwzJYBLaq3KuTCHgp"],"playerIds":["YJG7i3R3dRcX59iwC","joCNBZxdgAmGFQvSi"],"batchId":"pukELPjq4f4xPmSCf","createdAt":"2018-11-02T00:29:38.241Z"}
{"_id":"9cC4X6qjk5EtZaQWo","finishedAt":"2018-11-02T01:01:38.023Z","gameLobbyId":"dK9gjbPLAMHpKNfHm","treatmentId":"ZGjaF65LxShzFLASS","roundIds":["ff4XaftZXGNipndrt"],"playerIds":["ed7o8Lc2d5ud4WJQh","xjux5KKWC2tbgZAHb"],"batchId":"FqBgqeF4qAwQRPjiM","createdAt":"2018-11-02T00:56:47.658Z"}
{"_id":"Yf3S6NuDZFuimejMW","gameLobbyId":"7Hz47tQXzz2iE7fwi","treatmentId":"ZGjaF65LxShzFLASS","roundIds":["QccoPQjk3u3AuLTTu"],"playerIds":["obSWWwSoMjx9wFQQD","xw6mkaEh93EnA7LzH"],"batchId":"PiEdWugARE2MwQkMW","createdAt":"2018-11-02T01:04:13.432Z"}
{"_id":"fNqrnA3PifK5vvp6y","finishedAt":"2018-11-02T01:06:48.095Z","gameLobbyId":"jqw6cwL3FDtHy587p","treatmentId":"WtK8o3HeWPjJcG436","roundIds":["GDkPs3NtyekJpwmqp"],"playerIds":["ykd6NdDp74zipxaPy"],"batchId":"HysDBwNsihF5xpdKJ","createdAt":"2018-11-02T01:06:01.136Z"}
{"_id":"kiXSJGnNjLKEptZrC","finishedAt":"2018-11-02T01:08:12.362Z","gameLobbyId":"kb3hBfEHmo8MwG94B","treatmentId":"qfaQXdo7bbxN4mZkF","roundIds":["qwysCs3i9DYCekQPJ"],"playerIds":["7SNixCqv2Li5pTPbS"],"batchId":"QiDb9x949LSiWfxE5","createdAt":"2018-11-02T01:07:30.393Z"}
{"_id":"Eu3m9QpBcAqqKs2QB","gameLobbyId":"ftAaSSCo4cbT4uBH3","treatmentId":"EoP7sFZMdciTX922z","roundIds":["vs5h8ZuzR9H52PN9m"],"playerIds":["MtkeY8FbYRrPvLprc","ZdMhH9hetcusS9aug"],"batchId":"MYhWYWmsszSqyF9jj","createdAt":"2018-11-02T01:09:22.922Z"}
{"_id":"KoonQcwRTZb4WR2SD","finishedAt":"2018-11-02T11:12:58.610Z","gameLobbyId":"E4HjpzeMnxRtgmWyg","treatmentId":"ZGjaF65LxShzFLASS","roundIds":["a5ZowxXxFK58NWzrx"],"playerIds":["wipLCvd96neEX9B7e"],"batchId":"DnJc2DiHTTKiP7MHJ","createdAt":"2018-11-02T11:11:33.103Z"}
