{"_id":"azBdaYxiiJyKRoW5q","batchId":"k7QqYPPjMKm2vcub8","playerId":"6beD7NL35BJjKkmJh","roundId":"FmQ8qHj8Bx7zpn4HC","gameId":"fAaJQ6Szv4ihw7qby","createdAt":"2018-11-01T23:29:39.445Z"}
{"_id":"GEntLdPGjjXwQvsxw","batchId":"k7QqYPPjMKm2vcub8","playerId":"7Mm5QmBhHB7TKn4xj","roundId":"FmQ8qHj8Bx7zpn4HC","gameId":"fAaJQ6Szv4ihw7qby","createdAt":"2018-11-01T23:29:39.621Z"}
{"_id":"mQk6wDtNJQbZN6CeA","batchId":"PuctHqAND2kjFfWnY","playerId":"dQyEGaYsjK3BQBwPd","roundId":"NwJFahi6k9dJRcY3S","gameId":"cbtzmqiZr8fuxJuxS","createdAt":"2018-11-01T23:59:35.167Z"}
{"_id":"NZJ9B5pMgK6Es3NtK","batchId":"PuctHqAND2kjFfWnY","playerId":"njTG3NLFhbJZoSfan","roundId":"NwJFahi6k9dJRcY3S","gameId":"cbtzmqiZr8fuxJuxS","createdAt":"2018-11-01T23:59:35.170Z"}
{"_id":"9ngGw8W4Nt6RFYMwv","batchId":"pukELPjq4f4xPmSCf","playerId":"YJG7i3R3dRcX59iwC","roundId":"QwzJYBLaq3KuTCHgp","gameId":"Q3q8T5gBiCzsoMuJh","createdAt":"2018-11-02T00:29:38.231Z"}
{"_id":"vLhnEsofYPJH5fYt7","batchId":"pukELPjq4f4xPmSCf","playerId":"joCNBZxdgAmGFQvSi","roundId":"QwzJYBLaq3KuTCHgp","gameId":"Q3q8T5gBiCzsoMuJh","createdAt":"2018-11-02T00:29:38.233Z"}
{"_id":"EZShvENFmDd2kb5mw","batchId":"FqBgqeF4qAwQRPjiM","playerId":"ed7o8Lc2d5ud4WJQh","roundId":"ff4XaftZXGNipndrt","gameId":"9cC4X6qjk5EtZaQWo","createdAt":"2018-11-02T00:56:47.646Z"}
{"_id":"sfviWWyLcssMbPfQt","batchId":"FqBgqeF4qAwQRPjiM","playerId":"xjux5KKWC2tbgZAHb","roundId":"ff4XaftZXGNipndrt","gameId":"9cC4X6qjk5EtZaQWo","createdAt":"2018-11-02T00:56:47.648Z"}
{"_id":"Ybbh2SGA4w4c7C5jx","batchId":"PiEdWugARE2MwQkMW","playerId":"obSWWwSoMjx9wFQQD","roundId":"QccoPQjk3u3AuLTTu","gameId":"Yf3S6NuDZFuimejMW","createdAt":"2018-11-02T01:04:13.420Z"}
{"_id":"LYzednTwbLxriTnMz","batchId":"PiEdWugARE2MwQkMW","playerId":"xw6mkaEh93EnA7LzH","roundId":"QccoPQjk3u3AuLTTu","gameId":"Yf3S6NuDZFuimejMW","createdAt":"2018-11-02T01:04:13.422Z"}
{"_id":"sJ5s6rZ3gkW7KjrvS","batchId":"HysDBwNsihF5xpdKJ","playerId":"ykd6NdDp74zipxaPy","roundId":"GDkPs3NtyekJpwmqp","gameId":"fNqrnA3PifK5vvp6y","createdAt":"2018-11-02T01:06:01.121Z"}
{"_id":"W7bGjmPH9uByQr6qM","batchId":"QiDb9x949LSiWfxE5","playerId":"7SNixCqv2Li5pTPbS","roundId":"qwysCs3i9DYCekQPJ","gameId":"kiXSJGnNjLKEptZrC","createdAt":"2018-11-02T01:07:30.377Z"}
{"_id":"gfFAS6dgkTr2Bseof","batchId":"MYhWYWmsszSqyF9jj","playerId":"MtkeY8FbYRrPvLprc","roundId":"vs5h8ZuzR9H52PN9m","gameId":"Eu3m9QpBcAqqKs2QB","createdAt":"2018-11-02T01:09:22.912Z"}
{"_id":"amPCk5LJrkFajQQQM","batchId":"MYhWYWmsszSqyF9jj","playerId":"ZdMhH9hetcusS9aug","roundId":"vs5h8ZuzR9H52PN9m","gameId":"Eu3m9QpBcAqqKs2QB","createdAt":"2018-11-02T01:09:22.915Z"}
{"_id":"8rz89yWgymcnS86zZ","batchId":"DnJc2DiHTTKiP7MHJ","playerId":"wipLCvd96neEX9B7e","roundId":"a5ZowxXxFK58NWzrx","gameId":"KoonQcwRTZb4WR2SD","createdAt":"2018-11-02T11:11:33.047Z"}
