{"_id":"LQ5vtS2syr8RyzfAM","batchId":"k7QqYPPjMKm2vcub8","playerId":"6beD7NL35BJjKkmJh","stageId":"XHe42rmxJAmGnbh7d","roundId":"FmQ8qHj8Bx7zpn4HC","gameId":"fAaJQ6Szv4ihw7qby","createdAt":"2018-11-01T23:29:39.252Z"}
{"_id":"4sdJqy8kJvWRamNtt","batchId":"k7QqYPPjMKm2vcub8","playerId":"7Mm5QmBhHB7TKn4xj","stageId":"XHe42rmxJAmGnbh7d","roundId":"FmQ8qHj8Bx7zpn4HC","gameId":"fAaJQ6Szv4ihw7qby","createdAt":"2018-11-01T23:29:39.402Z"}
{"_id":"dBrWSs9i4qxPCuqzH","batchId":"k7QqYPPjMKm2vcub8","playerId":"6beD7NL35BJjKkmJh","stageId":"7jhQd8pzSbcojMJdc","roundId":"FmQ8qHj8Bx7zpn4HC","gameId":"fAaJQ6Szv4ihw7qby","createdAt":"2018-11-01T23:29:39.417Z"}
{"_id":"9TtDk8PGxXmsEKuFy","batchId":"k7QqYPPjMKm2vcub8","playerId":"7Mm5QmBhHB7TKn4xj","stageId":"7jhQd8pzSbcojMJdc","roundId":"FmQ8qHj8Bx7zpn4HC","gameId":"fAaJQ6Szv4ihw7qby","createdAt":"2018-11-01T23:29:39.419Z"}
{"_id":"QvG7GL2zpt3mXZcqX","batchId":"k7QqYPPjMKm2vcub8","playerId":"6beD7NL35BJjKkmJh","stageId":"dfEbQ8AD7fvyFQLiD","roundId":"FmQ8qHj8Bx7zpn4HC","gameId":"fAaJQ6Szv4ihw7qby","createdAt":"2018-11-01T23:29:39.431Z"}
{"_id":"3tqZkH3TognEKbca7","batchId":"k7QqYPPjMKm2vcub8","playerId":"7Mm5QmBhHB7TKn4xj","stageId":"dfEbQ8AD7fvyFQLiD","roundId":"FmQ8qHj8Bx7zpn4HC","gameId":"fAaJQ6Szv4ihw7qby","createdAt":"2018-11-01T23:29:39.433Z"}
{"_id":"6hS42QsK5PBFMvDq5","batchId":"PuctHqAND2kjFfWnY","playerId":"dQyEGaYsjK3BQBwPd","stageId":"tvLLPYYndzpPwSKLw","roundId":"NwJFahi6k9dJRcY3S","gameId":"cbtzmqiZr8fuxJuxS","createdAt":"2018-11-01T23:59:35.118Z"}
{"_id":"LpSavfKJejFngvXKC","batchId":"PuctHqAND2kjFfWnY","playerId":"njTG3NLFhbJZoSfan","stageId":"tvLLPYYndzpPwSKLw","roundId":"NwJFahi6k9dJRcY3S","gameId":"cbtzmqiZr8fuxJuxS","createdAt":"2018-11-01T23:59:35.123Z"}
{"_id":"xrLcbEByqFZJL4vkj","batchId":"PuctHqAND2kjFfWnY","playerId":"dQyEGaYsjK3BQBwPd","stageId":"XGzBNoqtDaKnLW646","roundId":"NwJFahi6k9dJRcY3S","gameId":"cbtzmqiZr8fuxJuxS","createdAt":"2018-11-01T23:59:35.138Z"}
{"_id":"dg7ZLW3hx7sQaWyez","batchId":"PuctHqAND2kjFfWnY","playerId":"njTG3NLFhbJZoSfan","stageId":"XGzBNoqtDaKnLW646","roundId":"NwJFahi6k9dJRcY3S","gameId":"cbtzmqiZr8fuxJuxS","createdAt":"2018-11-01T23:59:35.141Z"}
{"_id":"a5Z7SGuJpdfiTWAc2","batchId":"PuctHqAND2kjFfWnY","playerId":"dQyEGaYsjK3BQBwPd","stageId":"vyh4sbR5WF8nWG2Fw","roundId":"NwJFahi6k9dJRcY3S","gameId":"cbtzmqiZr8fuxJuxS","createdAt":"2018-11-01T23:59:35.154Z"}
{"_id":"cMHs9kJeJwJMmAHs3","batchId":"PuctHqAND2kjFfWnY","playerId":"njTG3NLFhbJZoSfan","stageId":"vyh4sbR5WF8nWG2Fw","roundId":"NwJFahi6k9dJRcY3S","gameId":"cbtzmqiZr8fuxJuxS","createdAt":"2018-11-01T23:59:35.158Z"}
{"_id":"hMuZsXDQKZEEsDpP9","batchId":"pukELPjq4f4xPmSCf","playerId":"YJG7i3R3dRcX59iwC","stageId":"NuTasG7SXcqGqHQ6x","roundId":"QwzJYBLaq3KuTCHgp","gameId":"Q3q8T5gBiCzsoMuJh","createdAt":"2018-11-02T00:29:38.188Z"}
{"_id":"BAk9PiXWpjTegtyun","batchId":"pukELPjq4f4xPmSCf","playerId":"joCNBZxdgAmGFQvSi","stageId":"NuTasG7SXcqGqHQ6x","roundId":"QwzJYBLaq3KuTCHgp","gameId":"Q3q8T5gBiCzsoMuJh","createdAt":"2018-11-02T00:29:38.191Z"}
{"_id":"kg5X6E5Zufd2judas","batchId":"pukELPjq4f4xPmSCf","playerId":"YJG7i3R3dRcX59iwC","stageId":"mfbf3Sq36c8iXrekf","roundId":"QwzJYBLaq3KuTCHgp","gameId":"Q3q8T5gBiCzsoMuJh","createdAt":"2018-11-02T00:29:38.207Z"}
{"_id":"m4jf2rmw5wrmiFGZD","batchId":"pukELPjq4f4xPmSCf","playerId":"joCNBZxdgAmGFQvSi","stageId":"mfbf3Sq36c8iXrekf","roundId":"QwzJYBLaq3KuTCHgp","gameId":"Q3q8T5gBiCzsoMuJh","createdAt":"2018-11-02T00:29:38.210Z"}
{"_id":"QHBgtaywCXe5EapAc","batchId":"pukELPjq4f4xPmSCf","playerId":"YJG7i3R3dRcX59iwC","stageId":"5wKePhaLeqg5irtnJ","roundId":"QwzJYBLaq3KuTCHgp","gameId":"Q3q8T5gBiCzsoMuJh","createdAt":"2018-11-02T00:29:38.221Z"}
{"_id":"BXyMnMq4GeitC7cvH","batchId":"pukELPjq4f4xPmSCf","playerId":"joCNBZxdgAmGFQvSi","stageId":"5wKePhaLeqg5irtnJ","roundId":"QwzJYBLaq3KuTCHgp","gameId":"Q3q8T5gBiCzsoMuJh","createdAt":"2018-11-02T00:29:38.223Z"}
{"_id":"znxtJMuaKghDYoFPn","batchId":"FqBgqeF4qAwQRPjiM","playerId":"ed7o8Lc2d5ud4WJQh","stageId":"j3wKg8eyxT4bNRbgM","roundId":"ff4XaftZXGNipndrt","gameId":"9cC4X6qjk5EtZaQWo","createdAt":"2018-11-02T00:56:47.547Z"}
{"_id":"yEimZgJ5RTLeQHMj4","batchId":"FqBgqeF4qAwQRPjiM","playerId":"xjux5KKWC2tbgZAHb","stageId":"j3wKg8eyxT4bNRbgM","roundId":"ff4XaftZXGNipndrt","gameId":"9cC4X6qjk5EtZaQWo","createdAt":"2018-11-02T00:56:47.552Z"}
{"_id":"pzYArFmeAzMeCHn78","batchId":"FqBgqeF4qAwQRPjiM","playerId":"ed7o8Lc2d5ud4WJQh","stageId":"Rptdj3Zq9XMka59Fu","roundId":"ff4XaftZXGNipndrt","gameId":"9cC4X6qjk5EtZaQWo","createdAt":"2018-11-02T00:56:47.619Z"}
{"_id":"YF36RXLDrAsCGnoWH","batchId":"FqBgqeF4qAwQRPjiM","playerId":"xjux5KKWC2tbgZAHb","stageId":"Rptdj3Zq9XMka59Fu","roundId":"ff4XaftZXGNipndrt","gameId":"9cC4X6qjk5EtZaQWo","createdAt":"2018-11-02T00:56:47.621Z"}
{"_id":"ZAZjpovx7zWDB8iGg","batchId":"FqBgqeF4qAwQRPjiM","playerId":"ed7o8Lc2d5ud4WJQh","stageId":"gwmjCvQSAnogxK6pa","roundId":"ff4XaftZXGNipndrt","gameId":"9cC4X6qjk5EtZaQWo","createdAt":"2018-11-02T00:56:47.634Z"}
{"_id":"uRFsS92hBWSmS4zvn","batchId":"FqBgqeF4qAwQRPjiM","playerId":"xjux5KKWC2tbgZAHb","stageId":"gwmjCvQSAnogxK6pa","roundId":"ff4XaftZXGNipndrt","gameId":"9cC4X6qjk5EtZaQWo","createdAt":"2018-11-02T00:56:47.636Z"}
{"_id":"LTitrMwgd9f7uXtwq","batchId":"PiEdWugARE2MwQkMW","playerId":"obSWWwSoMjx9wFQQD","stageId":"LQyyntFZoHvk27sdf","roundId":"QccoPQjk3u3AuLTTu","gameId":"Yf3S6NuDZFuimejMW","createdAt":"2018-11-02T01:04:13.365Z"}
{"_id":"PF3y2w76AtB8edQGG","batchId":"PiEdWugARE2MwQkMW","playerId":"xw6mkaEh93EnA7LzH","stageId":"LQyyntFZoHvk27sdf","roundId":"QccoPQjk3u3AuLTTu","gameId":"Yf3S6NuDZFuimejMW","createdAt":"2018-11-02T01:04:13.369Z"}
{"_id":"zmsX8jQx9feunyg6m","batchId":"PiEdWugARE2MwQkMW","playerId":"obSWWwSoMjx9wFQQD","stageId":"cJrNnEAAnKTyA6ZQv","roundId":"QccoPQjk3u3AuLTTu","gameId":"Yf3S6NuDZFuimejMW","createdAt":"2018-11-02T01:04:13.391Z"}
{"_id":"g22n6usYMcxS8NCDX","batchId":"PiEdWugARE2MwQkMW","playerId":"xw6mkaEh93EnA7LzH","stageId":"cJrNnEAAnKTyA6ZQv","roundId":"QccoPQjk3u3AuLTTu","gameId":"Yf3S6NuDZFuimejMW","createdAt":"2018-11-02T01:04:13.395Z"}
{"_id":"ETeZ2zTAFCrBYhXrr","batchId":"PiEdWugARE2MwQkMW","playerId":"obSWWwSoMjx9wFQQD","stageId":"YsKkYTbM48hwsS9jw","roundId":"QccoPQjk3u3AuLTTu","gameId":"Yf3S6NuDZFuimejMW","createdAt":"2018-11-02T01:04:13.406Z"}
{"_id":"MxwYPreYjmYe2KzDu","batchId":"PiEdWugARE2MwQkMW","playerId":"xw6mkaEh93EnA7LzH","stageId":"YsKkYTbM48hwsS9jw","roundId":"QccoPQjk3u3AuLTTu","gameId":"Yf3S6NuDZFuimejMW","createdAt":"2018-11-02T01:04:13.409Z"}
{"_id":"3vMRvKXSDLwhwL2gm","batchId":"HysDBwNsihF5xpdKJ","playerId":"ykd6NdDp74zipxaPy","stageId":"y5v3WzSC6H49CS54v","roundId":"GDkPs3NtyekJpwmqp","gameId":"fNqrnA3PifK5vvp6y","createdAt":"2018-11-02T01:06:01.066Z"}
{"_id":"Q9rTHYxPZ5pXezAZW","batchId":"HysDBwNsihF5xpdKJ","playerId":"ykd6NdDp74zipxaPy","stageId":"dCTFQZZgaThYeJuA9","roundId":"GDkPs3NtyekJpwmqp","gameId":"fNqrnA3PifK5vvp6y","createdAt":"2018-11-02T01:06:01.086Z"}
{"_id":"unaSoSv7uXAjR2GsL","batchId":"HysDBwNsihF5xpdKJ","playerId":"ykd6NdDp74zipxaPy","stageId":"fSNiZEs67qLR7Mqc7","roundId":"GDkPs3NtyekJpwmqp","gameId":"fNqrnA3PifK5vvp6y","createdAt":"2018-11-02T01:06:01.108Z"}
{"_id":"b47uAaja9yWyTPbgw","batchId":"QiDb9x949LSiWfxE5","playerId":"7SNixCqv2Li5pTPbS","stageId":"yXBcPHgBNGyJguNYJ","roundId":"qwysCs3i9DYCekQPJ","gameId":"kiXSJGnNjLKEptZrC","createdAt":"2018-11-02T01:07:30.321Z"}
{"_id":"JHiJ3BmPSQdz5Xcgo","batchId":"QiDb9x949LSiWfxE5","playerId":"7SNixCqv2Li5pTPbS","stageId":"95tFu8eMtWDeYhc9E","roundId":"qwysCs3i9DYCekQPJ","gameId":"kiXSJGnNjLKEptZrC","createdAt":"2018-11-02T01:07:30.347Z"}
{"_id":"uvGuAs8gZp52Kdn65","batchId":"QiDb9x949LSiWfxE5","playerId":"7SNixCqv2Li5pTPbS","stageId":"gGkwughvqC2uDJkLf","roundId":"qwysCs3i9DYCekQPJ","gameId":"kiXSJGnNjLKEptZrC","createdAt":"2018-11-02T01:07:30.364Z"}
{"_id":"3npR9d4BibaXfSrDR","batchId":"MYhWYWmsszSqyF9jj","playerId":"MtkeY8FbYRrPvLprc","stageId":"KmvSkdTYG7GJSZeeh","roundId":"vs5h8ZuzR9H52PN9m","gameId":"Eu3m9QpBcAqqKs2QB","createdAt":"2018-11-02T01:09:22.858Z"}
{"_id":"djeTsPyRYipkTXFg4","batchId":"MYhWYWmsszSqyF9jj","playerId":"ZdMhH9hetcusS9aug","stageId":"KmvSkdTYG7GJSZeeh","roundId":"vs5h8ZuzR9H52PN9m","gameId":"Eu3m9QpBcAqqKs2QB","createdAt":"2018-11-02T01:09:22.863Z"}
{"_id":"k4bvi4EuQNLzgXRjx","batchId":"MYhWYWmsszSqyF9jj","playerId":"MtkeY8FbYRrPvLprc","stageId":"SpN4aApWmjfmxkT8n","roundId":"vs5h8ZuzR9H52PN9m","gameId":"Eu3m9QpBcAqqKs2QB","createdAt":"2018-11-02T01:09:22.880Z"}
{"_id":"q9icpwXDKm4NxL6fi","batchId":"MYhWYWmsszSqyF9jj","playerId":"ZdMhH9hetcusS9aug","stageId":"SpN4aApWmjfmxkT8n","roundId":"vs5h8ZuzR9H52PN9m","gameId":"Eu3m9QpBcAqqKs2QB","createdAt":"2018-11-02T01:09:22.883Z"}
{"_id":"oacnkdKcEMfXgcWus","batchId":"MYhWYWmsszSqyF9jj","playerId":"MtkeY8FbYRrPvLprc","stageId":"kzpNQSzxoyEyh2nYa","roundId":"vs5h8ZuzR9H52PN9m","gameId":"Eu3m9QpBcAqqKs2QB","createdAt":"2018-11-02T01:09:22.898Z"}
{"_id":"eBEEwbhvgvJS7FLHi","batchId":"MYhWYWmsszSqyF9jj","playerId":"ZdMhH9hetcusS9aug","stageId":"kzpNQSzxoyEyh2nYa","roundId":"vs5h8ZuzR9H52PN9m","gameId":"Eu3m9QpBcAqqKs2QB","createdAt":"2018-11-02T01:09:22.901Z"}
{"_id":"x5zDRgR9mvQtQiD9p","batchId":"DnJc2DiHTTKiP7MHJ","playerId":"wipLCvd96neEX9B7e","stageId":"ZZYEBqjfu2B27yQRy","roundId":"a5ZowxXxFK58NWzrx","gameId":"KoonQcwRTZb4WR2SD","createdAt":"2018-11-02T11:11:32.994Z"}
{"_id":"S5CjPiopYes2GxSKG","batchId":"DnJc2DiHTTKiP7MHJ","playerId":"wipLCvd96neEX9B7e","stageId":"faXfR6TftYprrKCtq","roundId":"a5ZowxXxFK58NWzrx","gameId":"KoonQcwRTZb4WR2SD","createdAt":"2018-11-02T11:11:33.029Z"}
{"_id":"4EwzCLbgtD9coyrQ7","batchId":"DnJc2DiHTTKiP7MHJ","playerId":"wipLCvd96neEX9B7e","stageId":"g9saa2AznqECmpQEq","roundId":"a5ZowxXxFK58NWzrx","gameId":"KoonQcwRTZb4WR2SD","createdAt":"2018-11-02T11:11:33.038Z"}
