{"_id":"7Mm5QmBhHB7TKn4xj","id":"ljg","urlParams":{"playerIdKey":"hf9kttzge5r"},"readyAt":"2018-11-01T23:29:01.986Z","exitStepsDone":[],"exitAt":"2018-11-01T23:58:51.521Z","exitStatus":"finished","createdAt":"2018-11-01T23:28:54.842Z","data.name":"Charlie","data.avatar":"/avatars/jdenticon/Aaron","data.nameColor":"#70A945","data.score":0,"data.satisfied":false}
{"_id":"6beD7NL35BJjKkmJh","id":"nwofh","urlParams":{},"readyAt":"2018-11-01T23:29:39.830Z","exitStepsDone":[],"exitAt":"2018-11-01T23:58:51.521Z","exitStatus":"finished","createdAt":"2018-11-01T23:29:08.502Z","data.name":"Anne","data.avatar":"/avatars/jdenticon/Colton","data.nameColor":"#3D50B7","data.score":0,"data.satisfied":false}
{"_id":"dQyEGaYsjK3BQBwPd","id":"wqr","urlParams":{"playerIdKey":"hbliqbf6j7n"},"readyAt":"2018-11-01T23:59:24.922Z","exitStepsDone":[],"exitAt":"2018-11-02T00:28:02.652Z","exitStatus":"finished","createdAt":"2018-11-01T23:59:19.232Z","data.name":"Anne","data.avatar":"/avatars/jdenticon/Colton","data.nameColor":"#3D50B7","data.score":0,"data.satisfied":false}
{"_id":"njTG3NLFhbJZoSfan","id":"jwepf","urlParams":{"playerIdKey":"yyl10a51dej"},"readyAt":"2018-11-01T23:59:35.250Z","exitStepsDone":[],"exitAt":"2018-11-02T00:28:02.652Z","exitStatus":"finished","createdAt":"2018-11-01T23:59:29.365Z","data.name":"Charlie","data.avatar":"/avatars/jdenticon/Aaron","data.nameColor":"#70A945","data.score":0,"data.satisfied":false}
{"_id":"joCNBZxdgAmGFQvSi","id":"def3f]","urlParams":{"playerIdKey":"27yujdx9h2"},"readyAt":"2018-11-02T00:29:25.705Z","exitStepsDone":[],"exitAt":"2018-11-02T00:55:39.713Z","exitStatus":"finished","createdAt":"2018-11-02T00:29:15.853Z","data.name":"Charlie","data.avatar":"/avatars/jdenticon/Aaron","data.nameColor":"#70A945","data.score":0,"data.satisfied":false}
{"_id":"YJG7i3R3dRcX59iwC","id":"e3","urlParams":{"playerIdKey":"cf8pni4t9z"},"readyAt":"2018-11-02T00:29:38.301Z","exitStepsDone":[],"exitAt":"2018-11-02T00:55:39.713Z","exitStatus":"finished","createdAt":"2018-11-02T00:29:30.794Z","data.name":"Anne","data.avatar":"/avatars/jdenticon/Colton","data.nameColor":"#3D50B7","data.score":0,"data.satisfied":false}
{"_id":"ed7o8Lc2d5ud4WJQh","id":"f24","urlParams":{"playerIdKey":"qr2r9oq46vo"},"readyAt":"2018-11-02T00:56:47.742Z","exitStepsDone":[],"exitAt":"2018-11-02T01:01:38.007Z","exitStatus":"finished","createdAt":"2018-11-02T00:56:15.960Z","data.name":"Anne","data.avatar":"/avatars/jdenticon/Colton","data.nameColor":"#3D50B7","data.score":0,"data.satisfied":true}
{"_id":"xjux5KKWC2tbgZAHb","id":"f2qg","urlParams":{"playerIdKey":"ddlc9v1i7i"},"readyAt":"2018-11-02T00:56:29.522Z","exitStepsDone":[],"exitAt":"2018-11-02T01:01:38.007Z","exitStatus":"finished","createdAt":"2018-11-02T00:56:21.402Z","data.name":"Charlie","data.avatar":"/avatars/jdenticon/Aaron","data.nameColor":"#70A945","data.score":0,"data.satisfied":true}
{"_id":"obSWWwSoMjx9wFQQD","id":"e2e","urlParams":{"playerIdKey":"ys26lq6n36d"},"readyAt":"2018-11-02T01:04:13.535Z","exitStepsDone":[],"exitAt":"2018-11-02T01:05:15.262Z","exitStatus":"gameCancelled","createdAt":"2018-11-02T01:03:49.393Z","data.name":"Anne","data.avatar":"/avatars/jdenticon/Colton","data.nameColor":"#3D50B7","data.score":0,"data.satisfied":false}
{"_id":"xw6mkaEh93EnA7LzH","id":"2e2","urlParams":{"playerIdKey":"ge5tvjmeq9u"},"readyAt":"2018-11-02T01:04:05.672Z","exitStepsDone":[],"exitAt":"2018-11-02T01:05:15.262Z","exitStatus":"gameCancelled","createdAt":"2018-11-02T01:03:57.032Z","data.name":"Charlie","data.avatar":"/avatars/jdenticon/Aaron","data.nameColor":"#70A945","data.score":0,"data.satisfied":false}
{"_id":"ykd6NdDp74zipxaPy","id":"j;i","urlParams":{"playerIdKey":"77exjjpovii"},"readyAt":"2018-11-02T01:06:01.220Z","exitStepsDone":[],"exitAt":"2018-11-02T01:06:48.088Z","exitStatus":"finished","createdAt":"2018-11-02T01:05:42.569Z","data.name":"Anne","data.avatar":"/avatars/jdenticon/Colton","data.nameColor":"#3D50B7","data.score":0,"data.satisfied":true}
{"_id":"7SNixCqv2Li5pTPbS","id":"fw","urlParams":{"playerIdKey":"l522imrdy0o"},"readyAt":"2018-11-02T01:07:30.487Z","exitStepsDone":[],"exitAt":"2018-11-02T01:08:12.356Z","exitStatus":"finished","createdAt":"2018-11-02T01:07:20.415Z","data.name":"Anne","data.avatar":"/avatars/jdenticon/Colton","data.nameColor":"#3D50B7","data.score":0,"data.satisfied":true}
{"_id":"MtkeY8FbYRrPvLprc","id":"32r","urlParams":{"playerIdKey":"5flwszwy32w"},"readyAt":"2018-11-02T01:09:10.765Z","exitStepsDone":[],"exitAt":"2018-11-02T01:10:06.157Z","exitStatus":"gameCancelled","createdAt":"2018-11-02T01:08:41.540Z","data.name":"Anne","data.avatar":"/avatars/jdenticon/Colton","data.nameColor":"#3D50B7","data.score":0,"data.satisfied":false}
{"_id":"ZdMhH9hetcusS9aug","id":"1","urlParams":{"playerIdKey":"yre9es3neb"},"readyAt":"2018-11-02T01:09:23.100Z","exitStepsDone":[],"exitAt":"2018-11-02T01:10:06.157Z","exitStatus":"gameCancelled","createdAt":"2018-11-02T01:09:15.143Z","data.name":"Charlie","data.avatar":"/avatars/jdenticon/Aaron","data.nameColor":"#70A945","data.score":0,"data.satisfied":false}
{"_id":"wipLCvd96neEX9B7e","id":"refhg","urlParams":{"playerIdKey":"udoc7k18sv"},"readyAt":"2018-11-02T11:11:27.736Z","exitStepsDone":["ExitSurvey"],"exitAt":"2018-11-02T11:12:58.604Z","exitStatus":"finished","createdAt":"2018-11-02T11:11:18.600Z","data.name":"Anne","data.avatar":"/avatars/jdenticon/Colton","data.nameColor":"#3D50B7","data.score":0,"data.satisfied":true}
