{"_id":"FmQ8qHj8Bx7zpn4HC","index":0,"stageIds":["XHe42rmxJAmGnbh7d","7jhQd8pzSbcojMJdc","dfEbQ8AD7fvyFQLiD"],"gameId":"fAaJQ6Szv4ihw7qby","createdAt":"2018-11-01T23:29:39.059Z"}
{"_id":"NwJFahi6k9dJRcY3S","index":0,"stageIds":["tvLLPYYndzpPwSKLw","XGzBNoqtDaKnLW646","vyh4sbR5WF8nWG2Fw"],"gameId":"cbtzmqiZr8fuxJuxS","createdAt":"2018-11-01T23:59:35.097Z"}
{"_id":"QwzJYBLaq3KuTCHgp","index":0,"stageIds":["NuTasG7SXcqGqHQ6x","mfbf3Sq36c8iXrekf","5wKePhaLeqg5irtnJ"],"gameId":"Q3q8T5gBiCzsoMuJh","createdAt":"2018-11-02T00:29:38.183Z"}
{"_id":"ff4XaftZXGNipndrt","index":0,"stageIds":["j3wKg8eyxT4bNRbgM","Rptdj3Zq9XMka59Fu","gwmjCvQSAnogxK6pa"],"gameId":"9cC4X6qjk5EtZaQWo","createdAt":"2018-11-02T00:56:47.538Z"}
{"_id":"QccoPQjk3u3AuLTTu","index":0,"stageIds":["LQyyntFZoHvk27sdf","cJrNnEAAnKTyA6ZQv","YsKkYTbM48hwsS9jw"],"gameId":"Yf3S6NuDZFuimejMW","createdAt":"2018-11-02T01:04:13.358Z"}
{"_id":"GDkPs3NtyekJpwmqp","index":0,"stageIds":["y5v3WzSC6H49CS54v","dCTFQZZgaThYeJuA9","fSNiZEs67qLR7Mqc7"],"gameId":"fNqrnA3PifK5vvp6y","createdAt":"2018-11-02T01:06:01.056Z"}
{"_id":"qwysCs3i9DYCekQPJ","index":0,"stageIds":["yXBcPHgBNGyJguNYJ","95tFu8eMtWDeYhc9E","gGkwughvqC2uDJkLf"],"gameId":"kiXSJGnNjLKEptZrC","createdAt":"2018-11-02T01:07:30.314Z"}
{"_id":"vs5h8ZuzR9H52PN9m","index":0,"stageIds":["KmvSkdTYG7GJSZeeh","SpN4aApWmjfmxkT8n","kzpNQSzxoyEyh2nYa"],"gameId":"Eu3m9QpBcAqqKs2QB","createdAt":"2018-11-02T01:09:22.853Z"}
{"_id":"a5ZowxXxFK58NWzrx","index":0,"stageIds":["ZZYEBqjfu2B27yQRy","faXfR6TftYprrKCtq","g9saa2AznqECmpQEq"],"gameId":"KoonQcwRTZb4WR2SD","createdAt":"2018-11-02T11:11:32.949Z"}
