{"_id":"XHe42rmxJAmGnbh7d","index":0,"name":"writing-0","displayName":"Story 1","startTimeAt":"2018-11-01T23:29:40.071Z","durationInSeconds":1000,"roundId":"FmQ8qHj8Bx7zpn4HC","gameId":"fAaJQ6Szv4ihw7qby","createdAt":"2018-11-01T23:29:39.144Z","data.task":{},"data.whosTurn":"6beD7NL35BJjKkmJh","data.chat":[{"text":"hi","playerId":"6beD7NL35BJjKkmJh","isChat":true},{"text":"how deos this work","playerId":"7Mm5QmBhHB7TKn4xj","isChat":true},{"text":"w2","playerId":"6beD7NL35BJjKkmJh","isChat":true},{"text":"e2e2","playerId":"7Mm5QmBhHB7TKn4xj","isChat":true},{"text":"e22","playerId":"6beD7NL35BJjKkmJh","isChat":true},{"text":"eee","playerId":"7Mm5QmBhHB7TKn4xj","isChat":true},{"text":"eee","playerId":"6beD7NL35BJjKkmJh","isChat":true},{"text":"eee","playerId":"7Mm5QmBhHB7TKn4xj","isChat":true},{"text":"clicked the 'Finished !' button. you can click on it as well if you want.","playerId":"7Mm5QmBhHB7TKn4xj","isChat":false},{"text":"clicked the 'Finished !' button. you can click on it as well if you want.","playerId":"7Mm5QmBhHB7TKn4xj","isChat":false},{"text":"clicked the 'Finished !' button. you can click on it as well if you want.","playerId":"6beD7NL35BJjKkmJh","isChat":false}]}
{"_id":"7jhQd8pzSbcojMJdc","index":1,"name":"writing-1","displayName":"Story 2","startTimeAt":"2018-11-01T23:33:33.708Z","durationInSeconds":1000,"roundId":"FmQ8qHj8Bx7zpn4HC","gameId":"fAaJQ6Szv4ihw7qby","createdAt":"2018-11-01T23:29:39.415Z","data.task":{"Anne":"arrogant","Charlie":"manipulative"},"data.whosTurn":"7Mm5QmBhHB7TKn4xj","data.chat":[{"text":"djqfj","playerId":"6beD7NL35BJjKkmJh","isChat":true},{"text":"fjjfw[gj4","playerId":"7Mm5QmBhHB7TKn4xj","isChat":true},{"text":"fffjj","playerId":"6beD7NL35BJjKkmJh","isChat":true},{"text":"fff","playerId":"7Mm5QmBhHB7TKn4xj","isChat":true},{"text":"fw","playerId":"6beD7NL35BJjKkmJh","isChat":true},{"text":"f4f4","playerId":"7Mm5QmBhHB7TKn4xj","isChat":true},{"text":"ff22","playerId":"6beD7NL35BJjKkmJh","isChat":true},{"text":"ff","playerId":"7Mm5QmBhHB7TKn4xj","isChat":true},{"text":"22","playerId":"6beD7NL35BJjKkmJh","isChat":true},{"text":"fff","playerId":"7Mm5QmBhHB7TKn4xj","isChat":true},{"text":"clicked the 'Finished !' button. you can click on it as well if you want.","playerId":"6beD7NL35BJjKkmJh","isChat":false},{"text":"clicked the 'Finished !' button. you can click on it as well if you want.","playerId":"6beD7NL35BJjKkmJh","isChat":false},{"text":"jj","playerId":"6beD7NL35BJjKkmJh","isChat":true},{"text":"fjpwg","playerId":"7Mm5QmBhHB7TKn4xj","isChat":true},{"text":"jpfg","playerId":"6beD7NL35BJjKkmJh","isChat":true},{"text":"clicked the 'Finished !' button. you can click on it as well if you want.","playerId":"6beD7NL35BJjKkmJh","isChat":false},{"text":"clicked the 'Finished !' button. you can click on it as well if you want.","playerId":"7Mm5QmBhHB7TKn4xj","isChat":false}]}
{"_id":"dfEbQ8AD7fvyFQLiD","index":2,"name":"writing-2","displayName":"Story 3","startTimeAt":"2018-11-01T23:47:59.032Z","durationInSeconds":1000,"roundId":"FmQ8qHj8Bx7zpn4HC","gameId":"fAaJQ6Szv4ihw7qby","createdAt":"2018-11-01T23:29:39.429Z","data.task":{"Anne":"ambitious","Charlie":"self-interested"},"data.whosTurn":"6beD7NL35BJjKkmJh","data.chat":[{"text":"swdd","playerId":"6beD7NL35BJjKkmJh","isChat":true},{"text":"eee","playerId":"7Mm5QmBhHB7TKn4xj","isChat":true},{"text":"e2e","playerId":"6beD7NL35BJjKkmJh","isChat":true},{"text":"ddd","playerId":"7Mm5QmBhHB7TKn4xj","isChat":true},{"text":"dd","playerId":"6beD7NL35BJjKkmJh","isChat":true},{"text":"dddd","playerId":"7Mm5QmBhHB7TKn4xj","isChat":true},{"text":"www","playerId":"6beD7NL35BJjKkmJh","isChat":true},{"text":"ddd","playerId":"7Mm5QmBhHB7TKn4xj","isChat":true}]}
{"_id":"tvLLPYYndzpPwSKLw","index":0,"name":"writing-0","displayName":"Story 1","startTimeAt":"2018-11-01T23:59:35.488Z","durationInSeconds":1000,"roundId":"NwJFahi6k9dJRcY3S","gameId":"cbtzmqiZr8fuxJuxS","createdAt":"2018-11-01T23:59:35.112Z","data.task":{},"data.whosTurn":"njTG3NLFhbJZoSfan","data.chat":[{"text":"Anne smiled at Charlie","playerId":"dQyEGaYsjK3BQBwPd","isChat":true},{"text":"dd","playerId":"njTG3NLFhbJZoSfan","isChat":true},{"text":"hi","playerId":"dQyEGaYsjK3BQBwPd","isChat":true},{"text":"cw","playerId":"njTG3NLFhbJZoSfan","isChat":true},{"text":"hi","playerId":"dQyEGaYsjK3BQBwPd","isChat":true},{"text":"right","playerId":"njTG3NLFhbJZoSfan","isChat":true},{"text":"no","playerId":"dQyEGaYsjK3BQBwPd","isChat":true},{"text":"dd","playerId":"njTG3NLFhbJZoSfan","isChat":true},{"text":"Anehoewf","playerId":"dQyEGaYsjK3BQBwPd","isChat":true},{"text":"clicked the 'Finished !' button. you can click on it as well if you want.","playerId":"dQyEGaYsjK3BQBwPd","isChat":false}]}
{"_id":"XGzBNoqtDaKnLW646","index":1,"name":"writing-1","displayName":"Story 2","startTimeAt":"2018-11-02T00:16:16.547Z","durationInSeconds":1000,"roundId":"NwJFahi6k9dJRcY3S","gameId":"cbtzmqiZr8fuxJuxS","createdAt":"2018-11-01T23:59:35.136Z","data.task":{"Anne":"ambitious","Charlie":"dedicated"},"data.whosTurn":"dQyEGaYsjK3BQBwPd","data.chat":[{"text":"Anne bribes Charlie","playerId":"dQyEGaYsjK3BQBwPd","isChat":true},{"text":"well","playerId":"njTG3NLFhbJZoSfan","isChat":true},{"text":"I don't care","playerId":"dQyEGaYsjK3BQBwPd","isChat":true},{"text":"ee","playerId":"njTG3NLFhbJZoSfan","isChat":true},{"text":"ff","playerId":"dQyEGaYsjK3BQBwPd","isChat":true},{"text":"gg","playerId":"njTG3NLFhbJZoSfan","isChat":true},{"text":"clicked the 'Finished !' button. you can click on it as well if you want.","playerId":"dQyEGaYsjK3BQBwPd","isChat":false},{"text":"clicked the 'Finished !' button.","playerId":"dQyEGaYsjK3BQBwPd","isChat":false},{"text":"clicked the 'Finished !' button.","playerId":"njTG3NLFhbJZoSfan","isChat":false}]}
{"_id":"vyh4sbR5WF8nWG2Fw","index":2,"name":"writing-2","displayName":"Story 3","startTimeAt":"2018-11-02T00:21:01.619Z","durationInSeconds":1000,"roundId":"NwJFahi6k9dJRcY3S","gameId":"cbtzmqiZr8fuxJuxS","createdAt":"2018-11-01T23:59:35.151Z","data.task":{"Anne":"dedicated","Charlie":"arrogant"},"data.whosTurn":"njTG3NLFhbJZoSfan","data.chat":[{"text":"hi","playerId":"dQyEGaYsjK3BQBwPd","isChat":true},{"text":"ee","playerId":"njTG3NLFhbJZoSfan","isChat":true},{"text":"fwefe","playerId":"dQyEGaYsjK3BQBwPd","isChat":true},{"text":"fewf","playerId":"njTG3NLFhbJZoSfan","isChat":true},{"text":"fewf","playerId":"dQyEGaYsjK3BQBwPd","isChat":true},{"text":"fw","playerId":"njTG3NLFhbJZoSfan","isChat":true},{"text":"fff","playerId":"dQyEGaYsjK3BQBwPd","isChat":true},{"text":"wwrr","playerId":"njTG3NLFhbJZoSfan","isChat":true},{"text":"ddd","playerId":"dQyEGaYsjK3BQBwPd","isChat":true},{"text":"clicked the 'Finished !' button.","playerId":"dQyEGaYsjK3BQBwPd","isChat":false},{"text":"clicked the 'Finished !' button.","playerId":"dQyEGaYsjK3BQBwPd","isChat":false},{"text":"clicked the 'Finished !' button.","playerId":"dQyEGaYsjK3BQBwPd","isChat":false},{"text":"clicked the 'Finished !' button.","playerId":"njTG3NLFhbJZoSfan","isChat":false}]}
{"_id":"NuTasG7SXcqGqHQ6x","index":0,"name":"writing-0","displayName":"Story 1","startTimeAt":"2018-11-02T00:29:38.543Z","durationInSeconds":1000,"roundId":"QwzJYBLaq3KuTCHgp","gameId":"Q3q8T5gBiCzsoMuJh","createdAt":"2018-11-02T00:29:38.187Z","data.task":{},"data.whosTurn":"joCNBZxdgAmGFQvSi","data.chat":[{"text":"ih","playerId":"YJG7i3R3dRcX59iwC","isChat":true},{"text":"ee","playerId":"joCNBZxdgAmGFQvSi","isChat":true},{"text":"ee21e","playerId":"YJG7i3R3dRcX59iwC","isChat":true},{"text":"e1e","playerId":"joCNBZxdgAmGFQvSi","isChat":true},{"text":"1e","playerId":"YJG7i3R3dRcX59iwC","isChat":true},{"text":"rr","playerId":"joCNBZxdgAmGFQvSi","isChat":true},{"text":"Hi","playerId":"YJG7i3R3dRcX59iwC","isChat":true},{"text":"clicked the 'Finished !' button.","playerId":"YJG7i3R3dRcX59iwC","isChat":false}]}
{"_id":"mfbf3Sq36c8iXrekf","index":1,"name":"writing-1","displayName":"Story 2","startTimeAt":"2018-11-02T00:46:19.621Z","durationInSeconds":1000,"roundId":"QwzJYBLaq3KuTCHgp","gameId":"Q3q8T5gBiCzsoMuJh","createdAt":"2018-11-02T00:29:38.205Z","data.task":{"Anne":"ambitious","Charlie":"manipulative"},"data.whosTurn":"joCNBZxdgAmGFQvSi","data.chat":[{"text":"2euor","playerId":"YJG7i3R3dRcX59iwC","isChat":true},{"text":"ee","playerId":"joCNBZxdgAmGFQvSi","isChat":true},{"text":"e23","playerId":"YJG7i3R3dRcX59iwC","isChat":true},{"text":"err","playerId":"joCNBZxdgAmGFQvSi","isChat":true},{"text":"d32r","playerId":"YJG7i3R3dRcX59iwC","isChat":true},{"text":"rrr","playerId":"joCNBZxdgAmGFQvSi","isChat":true},{"text":"23323","playerId":"YJG7i3R3dRcX59iwC","isChat":true},{"text":"clicked the 'Finished !' button.","playerId":"YJG7i3R3dRcX59iwC","isChat":false},{"text":"clicked the 'Finished !' button.","playerId":"joCNBZxdgAmGFQvSi","isChat":false}]}
{"_id":"5wKePhaLeqg5irtnJ","index":2,"name":"writing-2","displayName":"Story 3","startTimeAt":"2018-11-02T00:49:42.215Z","durationInSeconds":1000,"roundId":"QwzJYBLaq3KuTCHgp","gameId":"Q3q8T5gBiCzsoMuJh","createdAt":"2018-11-02T00:29:38.219Z","data.task":{"Anne":"manipulative","Charlie":"self-interested"},"data.whosTurn":"joCNBZxdgAmGFQvSi","data.chat":[{"text":"dw","playerId":"YJG7i3R3dRcX59iwC","isChat":true},{"text":"hi","playerId":"joCNBZxdgAmGFQvSi","isChat":true},{"text":"333","playerId":"YJG7i3R3dRcX59iwC","isChat":true},{"text":"444","playerId":"joCNBZxdgAmGFQvSi","isChat":true},{"text":"555","playerId":"YJG7i3R3dRcX59iwC","isChat":true},{"text":"666","playerId":"joCNBZxdgAmGFQvSi","isChat":true},{"text":"eqr","playerId":"YJG7i3R3dRcX59iwC","isChat":true}]}
{"_id":"j3wKg8eyxT4bNRbgM","index":0,"name":"writing-0","displayName":"Story 1","startTimeAt":"2018-11-02T00:56:47.983Z","durationInSeconds":1000,"roundId":"ff4XaftZXGNipndrt","gameId":"9cC4X6qjk5EtZaQWo","createdAt":"2018-11-02T00:56:47.542Z","data.task":{},"data.whosTurn":"ed7o8Lc2d5ud4WJQh","data.chat":[{"text":"Anne is grea","playerId":"ed7o8Lc2d5ud4WJQh","isChat":true},{"text":"why","playerId":"xjux5KKWC2tbgZAHb","isChat":true},{"text":"I dont","playerId":"ed7o8Lc2d5ud4WJQh","isChat":true},{"text":"well","playerId":"xjux5KKWC2tbgZAHb","isChat":true},{"text":"oh no","playerId":"ed7o8Lc2d5ud4WJQh","isChat":true},{"text":"qoq","playerId":"xjux5KKWC2tbgZAHb","isChat":true},{"text":"dwf","playerId":"ed7o8Lc2d5ud4WJQh","isChat":true},{"text":"2","playerId":"xjux5KKWC2tbgZAHb","isChat":true}]}
{"_id":"Rptdj3Zq9XMka59Fu","index":1,"name":"writing-1","displayName":"Story 2","startTimeAt":"2018-11-02T00:57:48.383Z","durationInSeconds":1000,"roundId":"ff4XaftZXGNipndrt","gameId":"9cC4X6qjk5EtZaQWo","createdAt":"2018-11-02T00:56:47.617Z","data.task":{"Anne":"ethical","Charlie":"arrogant"},"data.whosTurn":"ed7o8Lc2d5ud4WJQh","data.chat":[{"text":"lj","playerId":"ed7o8Lc2d5ud4WJQh","isChat":true},{"text":"ee","playerId":"xjux5KKWC2tbgZAHb","isChat":true},{"text":"ee","playerId":"ed7o8Lc2d5ud4WJQh","isChat":true},{"text":"dd","playerId":"xjux5KKWC2tbgZAHb","isChat":true},{"text":"dd","playerId":"ed7o8Lc2d5ud4WJQh","isChat":true},{"text":"dq","playerId":"xjux5KKWC2tbgZAHb","isChat":true}]}
{"_id":"gwmjCvQSAnogxK6pa","index":2,"name":"writing-2","displayName":"Story 3","startTimeAt":"2018-11-02T00:58:35.216Z","durationInSeconds":1000,"roundId":"ff4XaftZXGNipndrt","gameId":"9cC4X6qjk5EtZaQWo","createdAt":"2018-11-02T00:56:47.632Z","data.task":{"Anne":"dedicated","Charlie":"manipulative"},"data.whosTurn":"xjux5KKWC2tbgZAHb","data.chat":[{"text":"ddd","playerId":"ed7o8Lc2d5ud4WJQh","isChat":true},{"text":"3ee","playerId":"xjux5KKWC2tbgZAHb","isChat":true},{"text":"dd","playerId":"ed7o8Lc2d5ud4WJQh","isChat":true},{"text":"3d3","playerId":"xjux5KKWC2tbgZAHb","isChat":true},{"text":"dd","playerId":"ed7o8Lc2d5ud4WJQh","isChat":true},{"text":"33","playerId":"xjux5KKWC2tbgZAHb","isChat":true},{"text":"dd","playerId":"ed7o8Lc2d5ud4WJQh","isChat":true}]}
{"_id":"LQyyntFZoHvk27sdf","index":0,"name":"writing-0","displayName":"Story 1","startTimeAt":"2018-11-02T01:04:13.776Z","durationInSeconds":1000,"roundId":"QccoPQjk3u3AuLTTu","gameId":"Yf3S6NuDZFuimejMW","createdAt":"2018-11-02T01:04:13.361Z","data.task":{},"data.whosTurn":"obSWWwSoMjx9wFQQD","data.chat":[{"text":"22","playerId":"obSWWwSoMjx9wFQQD","isChat":true},{"text":"33","playerId":"xw6mkaEh93EnA7LzH","isChat":true},{"text":"44","playerId":"obSWWwSoMjx9wFQQD","isChat":true},{"text":"55","playerId":"xw6mkaEh93EnA7LzH","isChat":true},{"text":"66","playerId":"obSWWwSoMjx9wFQQD","isChat":true},{"text":"77","playerId":"xw6mkaEh93EnA7LzH","isChat":true},{"text":"e24","playerId":"xw6mkaEh93EnA7LzH","isChat":true}]}
{"_id":"cJrNnEAAnKTyA6ZQv","index":1,"name":"writing-1","displayName":"Story 2","startTimeAt":"2018-11-02T01:04:48.695Z","durationInSeconds":1000,"roundId":"QccoPQjk3u3AuLTTu","gameId":"Yf3S6NuDZFuimejMW","createdAt":"2018-11-02T01:04:13.385Z","data.task":{"Anne":"dedicated","Charlie":"dedicated"},"data.whosTurn":"obSWWwSoMjx9wFQQD","data.chat":[]}
{"_id":"YsKkYTbM48hwsS9jw","index":2,"name":"writing-2","displayName":"Story 3","durationInSeconds":1000,"roundId":"QccoPQjk3u3AuLTTu","gameId":"Yf3S6NuDZFuimejMW","createdAt":"2018-11-02T01:04:13.405Z","data.task":{"Anne":"ethical","Charlie":"ethical"},"data.whosTurn":"obSWWwSoMjx9wFQQD"}
{"_id":"y5v3WzSC6H49CS54v","index":0,"name":"writing-0","displayName":"Story 1","startTimeAt":"2018-11-02T01:06:01.463Z","durationInSeconds":1000,"roundId":"GDkPs3NtyekJpwmqp","gameId":"fNqrnA3PifK5vvp6y","createdAt":"2018-11-02T01:06:01.062Z","data.task":{},"data.whosTurn":"ykd6NdDp74zipxaPy","data.chat":[{"text":"dwqf","playerId":"ykd6NdDp74zipxaPy","isChat":true},{"text":"fefe","playerId":"ykd6NdDp74zipxaPy","isChat":true},{"text":"fewf","playerId":"ykd6NdDp74zipxaPy","isChat":true},{"text":"fwv","playerId":"ykd6NdDp74zipxaPy","isChat":true},{"text":"vvd","playerId":"ykd6NdDp74zipxaPy","isChat":true},{"text":"sd","playerId":"ykd6NdDp74zipxaPy","isChat":true},{"text":"dw","playerId":"ykd6NdDp74zipxaPy","isChat":true}]}
{"_id":"dCTFQZZgaThYeJuA9","index":1,"name":"writing-1","displayName":"Story 2","startTimeAt":"2018-11-02T01:06:15.622Z","durationInSeconds":1000,"roundId":"GDkPs3NtyekJpwmqp","gameId":"fNqrnA3PifK5vvp6y","createdAt":"2018-11-02T01:06:01.082Z","data.task":{"Anne":"dedicated","Charlie":"dedicated"},"data.whosTurn":"ykd6NdDp74zipxaPy","data.chat":[{"text":"nlj","playerId":"ykd6NdDp74zipxaPy","isChat":true},{"text":"nlwg","playerId":"ykd6NdDp74zipxaPy","isChat":true},{"text":"weq","playerId":"ykd6NdDp74zipxaPy","isChat":true},{"text":"wenlqr","playerId":"ykd6NdDp74zipxaPy","isChat":true},{"text":"r3lwfe","playerId":"ykd6NdDp74zipxaPy","isChat":true},{"text":"grfw","playerId":"ykd6NdDp74zipxaPy","isChat":true}]}
{"_id":"fSNiZEs67qLR7Mqc7","index":2,"name":"writing-2","displayName":"Story 3","startTimeAt":"2018-11-02T01:06:30.226Z","durationInSeconds":1000,"roundId":"GDkPs3NtyekJpwmqp","gameId":"fNqrnA3PifK5vvp6y","createdAt":"2018-11-02T01:06:01.105Z","data.task":{"Anne":"ambitious","Charlie":"manipulative"},"data.whosTurn":"ykd6NdDp74zipxaPy","data.chat":[{"text":"eewf","playerId":"ykd6NdDp74zipxaPy","isChat":true},{"text":"wewerf","playerId":"ykd6NdDp74zipxaPy","isChat":true},{"text":"efw","playerId":"ykd6NdDp74zipxaPy","isChat":true},{"text":"wr","playerId":"ykd6NdDp74zipxaPy","isChat":true},{"text":"r","playerId":"ykd6NdDp74zipxaPy","isChat":true},{"text":"3","playerId":"ykd6NdDp74zipxaPy","isChat":true}]}
{"_id":"yXBcPHgBNGyJguNYJ","index":0,"name":"writing-0","displayName":"Story 1","startTimeAt":"2018-11-02T01:07:30.719Z","durationInSeconds":1000,"roundId":"qwysCs3i9DYCekQPJ","gameId":"kiXSJGnNjLKEptZrC","createdAt":"2018-11-02T01:07:30.319Z","data.task":{},"data.whosTurn":"7SNixCqv2Li5pTPbS","data.chat":[{"text":"e12","playerId":"7SNixCqv2Li5pTPbS","isChat":true},{"text":"e23","playerId":"7SNixCqv2Li5pTPbS","isChat":true},{"text":"23","playerId":"7SNixCqv2Li5pTPbS","isChat":true},{"text":"23","playerId":"7SNixCqv2Li5pTPbS","isChat":true},{"text":"w2","playerId":"7SNixCqv2Li5pTPbS","isChat":true},{"text":"e","playerId":"7SNixCqv2Li5pTPbS","isChat":true},{"text":"e3","playerId":"7SNixCqv2Li5pTPbS","isChat":true}]}
{"_id":"95tFu8eMtWDeYhc9E","index":1,"name":"writing-1","displayName":"Story 2","startTimeAt":"2018-11-02T01:07:43.768Z","durationInSeconds":1000,"roundId":"qwysCs3i9DYCekQPJ","gameId":"kiXSJGnNjLKEptZrC","createdAt":"2018-11-02T01:07:30.343Z","data.task":{"Anne":"ethical","Charlie":"dedicated"},"data.whosTurn":"7SNixCqv2Li5pTPbS","data.chat":[{"text":"3e","playerId":"7SNixCqv2Li5pTPbS","isChat":true},{"text":"r3","playerId":"7SNixCqv2Li5pTPbS","isChat":true},{"text":"13","playerId":"7SNixCqv2Li5pTPbS","isChat":true},{"text":"34","playerId":"7SNixCqv2Li5pTPbS","isChat":true},{"text":"41","playerId":"7SNixCqv2Li5pTPbS","isChat":true},{"text":"321","playerId":"7SNixCqv2Li5pTPbS","isChat":true},{"text":"2","playerId":"7SNixCqv2Li5pTPbS","isChat":true},{"text":"323","playerId":"7SNixCqv2Li5pTPbS","isChat":true},{"text":"33","playerId":"7SNixCqv2Li5pTPbS","isChat":true}]}
{"_id":"gGkwughvqC2uDJkLf","index":2,"name":"writing-2","displayName":"Story 3","startTimeAt":"2018-11-02T01:08:02.570Z","durationInSeconds":1000,"roundId":"qwysCs3i9DYCekQPJ","gameId":"kiXSJGnNjLKEptZrC","createdAt":"2018-11-02T01:07:30.360Z","data.task":{"Anne":"arrogant","Charlie":"manipulative"},"data.whosTurn":"7SNixCqv2Li5pTPbS","data.chat":[{"text":"21","playerId":"7SNixCqv2Li5pTPbS","isChat":true},{"text":"e1r","playerId":"7SNixCqv2Li5pTPbS","isChat":true},{"text":"f4","playerId":"7SNixCqv2Li5pTPbS","isChat":true},{"text":"214","playerId":"7SNixCqv2Li5pTPbS","isChat":true},{"text":"d2","playerId":"7SNixCqv2Li5pTPbS","isChat":true},{"text":"3","playerId":"7SNixCqv2Li5pTPbS","isChat":true},{"text":"3","playerId":"7SNixCqv2Li5pTPbS","isChat":true}]}
{"_id":"KmvSkdTYG7GJSZeeh","index":0,"name":"writing-0","displayName":"Story 1","startTimeAt":"2018-11-02T01:09:23.337Z","durationInSeconds":1000,"roundId":"vs5h8ZuzR9H52PN9m","gameId":"Eu3m9QpBcAqqKs2QB","createdAt":"2018-11-02T01:09:22.856Z","data.task":{},"data.whosTurn":"MtkeY8FbYRrPvLprc","data.chat":[{"text":"w","playerId":"MtkeY8FbYRrPvLprc","isChat":true},{"text":"fe","playerId":"ZdMhH9hetcusS9aug","isChat":true},{"text":"w","playerId":"MtkeY8FbYRrPvLprc","isChat":true},{"text":"ee","playerId":"ZdMhH9hetcusS9aug","isChat":true},{"text":"ww","playerId":"MtkeY8FbYRrPvLprc","isChat":true},{"text":"ee","playerId":"ZdMhH9hetcusS9aug","isChat":true},{"text":"www","playerId":"MtkeY8FbYRrPvLprc","isChat":true}]}
{"_id":"SpN4aApWmjfmxkT8n","index":1,"name":"writing-1","displayName":"Story 2","startTimeAt":"2018-11-02T01:09:53.542Z","durationInSeconds":1000,"roundId":"vs5h8ZuzR9H52PN9m","gameId":"Eu3m9QpBcAqqKs2QB","createdAt":"2018-11-02T01:09:22.878Z","data.task":{"Anne":"self-interested","Charlie":"self-interested"},"data.whosTurn":"MtkeY8FbYRrPvLprc","data.chat":[]}
{"_id":"kzpNQSzxoyEyh2nYa","index":2,"name":"writing-2","displayName":"Story 3","durationInSeconds":1000,"roundId":"vs5h8ZuzR9H52PN9m","gameId":"Eu3m9QpBcAqqKs2QB","createdAt":"2018-11-02T01:09:22.895Z","data.task":{"Anne":"ambitious","Charlie":"dedicated"},"data.whosTurn":"MtkeY8FbYRrPvLprc"}
{"_id":"ZZYEBqjfu2B27yQRy","index":0,"name":"writing-0","displayName":"Story 1","startTimeAt":"2018-11-02T11:11:33.489Z","durationInSeconds":1000,"roundId":"a5ZowxXxFK58NWzrx","gameId":"KoonQcwRTZb4WR2SD","createdAt":"2018-11-02T11:11:32.975Z","data.task":{},"data.whosTurn":"wipLCvd96neEX9B7e","data.chat":[{"text":"I don't know what to do","playerId":"wipLCvd96neEX9B7e","isChat":true},{"text":"Ok","playerId":"wipLCvd96neEX9B7e","isChat":true},{"text":"Yes","playerId":"wipLCvd96neEX9B7e","isChat":true},{"text":"Good","playerId":"wipLCvd96neEX9B7e","isChat":true},{"text":"great","playerId":"wipLCvd96neEX9B7e","isChat":true},{"text":"Haha","playerId":"wipLCvd96neEX9B7e","isChat":true}]}
{"_id":"faXfR6TftYprrKCtq","index":1,"name":"writing-1","displayName":"Story 2","startTimeAt":"2018-11-02T11:12:06.358Z","durationInSeconds":1000,"roundId":"a5ZowxXxFK58NWzrx","gameId":"KoonQcwRTZb4WR2SD","createdAt":"2018-11-02T11:11:33.027Z","data.task":{"Anne":"manipulative","Charlie":"self-interested"},"data.whosTurn":"wipLCvd96neEX9B7e","data.chat":[{"text":"yes","playerId":"wipLCvd96neEX9B7e","isChat":true},{"text":"great","playerId":"wipLCvd96neEX9B7e","isChat":true},{"text":"perfect","playerId":"wipLCvd96neEX9B7e","isChat":true},{"text":"ok","playerId":"wipLCvd96neEX9B7e","isChat":true},{"text":"7right","playerId":"wipLCvd96neEX9B7e","isChat":true},{"text":"great]fo3f\\\\","playerId":"wipLCvd96neEX9B7e","isChat":true},{"text":"iqiqcwj","playerId":"wipLCvd96neEX9B7e","isChat":true}]}
{"_id":"g9saa2AznqECmpQEq","index":2,"name":"writing-2","displayName":"Story 3","startTimeAt":"2018-11-02T11:12:32.132Z","durationInSeconds":1000,"roundId":"a5ZowxXxFK58NWzrx","gameId":"KoonQcwRTZb4WR2SD","createdAt":"2018-11-02T11:11:33.036Z","data.task":{"Anne":"ambitious","Charlie":"arrogant"},"data.whosTurn":"wipLCvd96neEX9B7e","data.chat":[{"text":"7893hf","playerId":"wipLCvd96neEX9B7e","isChat":true},{"text":"cbelfhq","playerId":"wipLCvd96neEX9B7e","isChat":true},{"text":"c3tets","playerId":"wipLCvd96neEX9B7e","isChat":true},{"text":"t23h2fjnv","playerId":"wipLCvd96neEX9B7e","isChat":true},{"text":"8900f","playerId":"wipLCvd96neEX9B7e","isChat":true},{"text":"dwnkfn","playerId":"wipLCvd96neEX9B7e","isChat":true},{"text":"vrev4","playerId":"wipLCvd96neEX9B7e","isChat":true},{"text":"3#nueihv'r","playerId":"wipLCvd96neEX9B7e","isChat":true}]}
