{"_id":"FGEp2LnYLzny5rvEr","index":0,"name":"writing-0","displayName":"Story 1","startTimeAt":"2018-10-31T14:19:30.974Z","durationInSeconds":1000,"roundId":"Dohho4gZt2dPMH3zy","gameId":"zYND9NhjKqiniXGG8","createdAt":"2018-10-31T14:19:29.221Z","data.task":{},"data.chat":[{"text":"Anne greeted Charlie.","playerId":"Bh7zYDgtGAnzc4aCM"},{"text":"Charlie ignores Anne","playerId":"JymXN3em696QASZNP"},{"text":"Anne introduced herself regardless","playerId":"Bh7zYDgtGAnzc4aCM"},{"text":"Charlie asks Anne who the hell she is","playerId":"JymXN3em696QASZNP"},{"text":"Anne asked to interview Bob","playerId":"Bh7zYDgtGAnzc4aCM"},{"text":"Charlie told Anne Bob doesn't talk to the Fake News reporters","playerId":"JymXN3em696QASZNP"},{"text":"Anne was offended and defended her work","playerId":"Bh7zYDgtGAnzc4aCM"},{"text":"Charlie told Anne to leave","playerId":"JymXN3em696QASZNP"},{"text":"Anne gave up","playerId":"Bh7zYDgtGAnzc4aCM"}]}
{"_id":"S2jpm4qEx6fJAR4cv","index":1,"name":"writing-1","displayName":"Story 2","startTimeAt":"2018-10-31T14:25:39.082Z","durationInSeconds":1000,"roundId":"Dohho4gZt2dPMH3zy","gameId":"zYND9NhjKqiniXGG8","createdAt":"2018-10-31T14:19:29.322Z","data.task":{"Anne":"a manipulative person who always attempts to control a situation or a person","Charlie":"an ethical and creative person"},"data.chat":[{"text":"Anne smiled at Charlie","playerId":"Bh7zYDgtGAnzc4aCM"},{"text":"Charlie smiled back","playerId":"JymXN3em696QASZNP"},{"text":"Charlie asked Anne if he could help her","playerId":"JymXN3em696QASZNP"},{"text":"Anne offered to help, saying Charlie would owe him","playerId":"Bh7zYDgtGAnzc4aCM"},{"text":"Anne asked what Charlie needed","playerId":"Bh7zYDgtGAnzc4aCM"},{"text":"Charlie told Anne he didn't need anything","playerId":"JymXN3em696QASZNP"},{"text":"Charlie asked Anne what brings her to Bob's bouse","playerId":"JymXN3em696QASZNP"},{"text":"(let's move on, I misread you and messed up ;p)","playerId":"Bh7zYDgtGAnzc4aCM"}]}
{"_id":"fxtDsYem9ZQ529b3o","index":1,"name":"writing-1","displayName":"Story 2","startTimeAt":"2018-11-02T12:41:49.971Z","durationInSeconds":1000,"roundId":"gd9HKE5dRtFTatW9p","gameId":"LaieLHagPg4jT5TuF","createdAt":"2018-11-02T12:29:13.629Z","data.task":{"Anne":"ambitious","Charlie":"ambitious"},"data.chat":[],"data.whosTurn":"JwxQjFkWzgBBhxEW5"}
{"_id":"Jxb5kasTQbNmnzBTj","index":2,"name":"writing-2","displayName":"Story 3","startTimeAt":"2018-11-02T12:58:31.258Z","durationInSeconds":1000,"roundId":"gd9HKE5dRtFTatW9p","gameId":"LaieLHagPg4jT5TuF","createdAt":"2018-11-02T12:29:13.720Z","data.task":{"Anne":"ethical","Charlie":"manipulative"},"data.chat":[],"data.whosTurn":"JwxQjFkWzgBBhxEW5"}
{"_id":"YGFXvbYN9esjNttkn","index":0,"name":"writing-0","displayName":"Story 1","startTimeAt":"2018-11-02T12:39:49.158Z","durationInSeconds":1000,"roundId":"bQLigCEwmwPDKkR95","gameId":"gruBaXqSY8HZPRjuD","createdAt":"2018-11-02T12:39:47.206Z","data.task":{},"data.chat":[{"text":"Bob employs Charlie to make sure that nobody is able to bother him.","playerId":"onBRu5BrJqJzkq38o","isChat":true}],"data.whosTurn":"onBRu5BrJqJzkq38o"}
{"_id":"aBanR7qkjDfXvpRpP","index":1,"name":"writing-1","displayName":"Story 2","startTimeAt":"2018-11-02T12:56:29.673Z","durationInSeconds":1000,"roundId":"bQLigCEwmwPDKkR95","gameId":"gruBaXqSY8HZPRjuD","createdAt":"2018-11-02T12:39:47.506Z","data.task":{"Anne":"arrogant","Charlie":"ambitious"},"data.chat":[{"text":"Anne is a very arrogant person.","playerId":"onBRu5BrJqJzkq38o","isChat":true}],"data.whosTurn":"onBRu5BrJqJzkq38o"}
{"_id":"2X28zw5ngNpYxzJax","index":2,"name":"writing-2","displayName":"Story 3","startTimeAt":"2018-11-02T13:13:10.859Z","durationInSeconds":1000,"roundId":"bQLigCEwmwPDKkR95","gameId":"gruBaXqSY8HZPRjuD","createdAt":"2018-11-02T12:39:47.605Z","data.task":{"Anne":"manipulative","Charlie":"self-interested"},"data.chat":[],"data.whosTurn":"onBRu5BrJqJzkq38o"}
{"_id":"v6kZFbP7xvR9FMwZJ","index":1,"name":"writing-1","displayName":"Story 2","startTimeAt":"2018-11-02T16:24:33.718Z","durationInSeconds":1000,"roundId":"kxr74y9W8apLw4qBK","gameId":"6rPgxcnyQyd5gmuST","createdAt":"2018-11-02T16:07:50.745Z","data.task":{"Anne":"ambitious","Charlie":"dedicated"},"data.chat":[],"data.whosTurn":"6RQbrPuobcZDtNrnv"}
{"_id":"e9k9qcRPfPuaTSZLb","index":2,"name":"writing-2","displayName":"Story 3","startTimeAt":"2018-11-02T16:41:14.757Z","durationInSeconds":1000,"roundId":"kxr74y9W8apLw4qBK","gameId":"6rPgxcnyQyd5gmuST","createdAt":"2018-11-02T16:07:50.788Z","data.task":{"Anne":"ethical","Charlie":"manipulative"},"data.chat":[],"data.whosTurn":"6RQbrPuobcZDtNrnv"}
{"_id":"YNjj3aRHEEhytiFZt","index":2,"name":"writing-2","displayName":"Story 3","startTimeAt":"2018-10-31T14:30:48.174Z","durationInSeconds":1000,"roundId":"Dohho4gZt2dPMH3zy","gameId":"zYND9NhjKqiniXGG8","createdAt":"2018-10-31T14:19:29.417Z","data.task":{"Anne":"Charlie's ex-girlfriend","Charlie":"a nice person"},"data.chat":[{"text":"Anne waved at Charlie","playerId":"Bh7zYDgtGAnzc4aCM"},{"text":"Anne asked what Charlie was doing at Bob's house","playerId":"Bh7zYDgtGAnzc4aCM"},{"text":"Charlie said Hello","playerId":"JymXN3em696QASZNP"},{"text":"Charlie said I provide security for Bob","playerId":"JymXN3em696QASZNP"},{"text":"Anne asked if Charlie could let her in","playerId":"Bh7zYDgtGAnzc4aCM"},{"text":"Charlie asked Anne if she had an appointment","playerId":"JymXN3em696QASZNP"},{"text":"Anne said no and asked Charlie to make an exception for her","playerId":"Bh7zYDgtGAnzc4aCM"},{"text":"Charlie asked Anne why does she want to get into the house","playerId":"JymXN3em696QASZNP"},{"text":"Anne answered she needed to interview Bob","playerId":"Bh7zYDgtGAnzc4aCM"},{"text":"Charlie asked Anne what she wanted to interview Charlie about","playerId":"JymXN3em696QASZNP"},{"text":"Anne said it was for an important article for her career","playerId":"Bh7zYDgtGAnzc4aCM"},{"text":"Charlie said, Yes but about what?","playerId":"JymXN3em696QASZNP"},{"text":"Charlie said it was about a scandal related to Bob","playerId":"Bh7zYDgtGAnzc4aCM"},{"text":"Charlie told Anne he would talk to Bob to see if he was willing","playerId":"JymXN3em696QASZNP"},{"text":"Anne thanked Charlie","playerId":"Bh7zYDgtGAnzc4aCM"},{"text":"Charlie told Anne Bob will talk to her","playerId":"JymXN3em696QASZNP"}]}
{"_id":"9biThoRpNrLjvw8j3","index":0,"name":"writing-0","displayName":"Story 1","startTimeAt":"2018-10-31T16:48:10.752Z","durationInSeconds":1000,"roundId":"xi6BjDtSZ7XDXcMDZ","gameId":"SeFWESv37kvk6HCZr","createdAt":"2018-10-31T16:48:08.226Z","data.task":{},"data.chat":[{"text":"Anne knocks on Bob's door","playerId":"Kcr5ZYRvZhaFXrXyY"},{"text":"Charlie greeted Anne","playerId":"Kk9nbBJy5oMQvJr3R"},{"text":"Anne asked to see Bob","playerId":"Kcr5ZYRvZhaFXrXyY"},{"text":"Charlie denied the request.","playerId":"Kk9nbBJy5oMQvJr3R"},{"text":"Anne explained she was a reporter","playerId":"Kcr5ZYRvZhaFXrXyY"},{"text":"Charlie told Anne that Bob doesn't want anyone to meet him today.","playerId":"Kk9nbBJy5oMQvJr3R"},{"text":"Anne demanded to know who Charlie was.","playerId":"Kcr5ZYRvZhaFXrXyY"},{"text":"Charlie told Anne that he is a security guard.","playerId":"Kk9nbBJy5oMQvJr3R"},{"text":"Anne wondered why Bob needs a security guard","playerId":"Kcr5ZYRvZhaFXrXyY"},{"text":"Charlie told Anne that he does not know but it's his job.","playerId":"Kk9nbBJy5oMQvJr3R"}]}
{"_id":"DRuDW6jWvvMiqw8gJ","index":1,"name":"writing-1","displayName":"Story 2","startTimeAt":"2018-10-31T16:53:29.564Z","durationInSeconds":1000,"roundId":"xi6BjDtSZ7XDXcMDZ","gameId":"SeFWESv37kvk6HCZr","createdAt":"2018-10-31T16:48:08.341Z","data.task":{"Anne":"a manipulative person who always attempts to control a situation or a person","Charlie":"an ethical and creative person"},"data.chat":[{"text":"Anne approached Bob's house","playerId":"Kcr5ZYRvZhaFXrXyY"},{"text":"Charlie greeted anne and queried what she is here/","playerId":"Kk9nbBJy5oMQvJr3R"},{"text":"Anne explained Bob asked her to come","playerId":"Kcr5ZYRvZhaFXrXyY"},{"text":"Charlie told her that Bob does not want anyone to bother him at the moment and asked her to check the time of her meeting again.","playerId":"Kk9nbBJy5oMQvJr3R"},{"text":"Anne retorted that she and Bob had spoken yesterday, and she was sure he should let her in","playerId":"Kcr5ZYRvZhaFXrXyY"},{"text":"Charlie told Anne that he will have to go check with Bob and will let her know afterward.","playerId":"Kk9nbBJy5oMQvJr3R"},{"text":"Anne tapped her foot impatiently","playerId":"Kcr5ZYRvZhaFXrXyY"},{"text":"Charlie is back and tell her that Bob do not remember having any meeting with you today.","playerId":"Kk9nbBJy5oMQvJr3R"},{"text":"Anne got annoyed with Charlie, and told him she had to speak with Bob herself","playerId":"Kcr5ZYRvZhaFXrXyY"},{"text":"Charlie denied her and hold his stand to block the door.","playerId":"Kk9nbBJy5oMQvJr3R"},{"text":"Anne started to call Bob on her phone","playerId":"Kcr5ZYRvZhaFXrXyY"},{"text":"Charlie waited patiently.","playerId":"Kk9nbBJy5oMQvJr3R"},{"text":"Anne spoke into her phone and said \"great, so I can go in?\"","playerId":"Kcr5ZYRvZhaFXrXyY"},{"text":"Charlie continued waiting","playerId":"Kk9nbBJy5oMQvJr3R"},{"text":"(Dan says we can click 'Next' now :D )","playerId":"Kcr5ZYRvZhaFXrXyY"}]}
{"_id":"x9KsCEFjkt5XJQFqj","index":2,"name":"writing-2","displayName":"Story 3","startTimeAt":"2018-10-31T17:06:06.362Z","durationInSeconds":1000,"roundId":"xi6BjDtSZ7XDXcMDZ","gameId":"SeFWESv37kvk6HCZr","createdAt":"2018-10-31T16:48:08.504Z","data.task":{"Anne":"Charlie's ex-girlfriend","Charlie":"a nice person"},"data.chat":[{"text":"Anne was shocked to see Charlie standing outside of Bob's house","playerId":"Kcr5ZYRvZhaFXrXyY"},{"text":"Charlie greeted Anne and asked what bring her here.","playerId":"Kk9nbBJy5oMQvJr3R"},{"text":"Anne explained she is here to interview Bob","playerId":"Kcr5ZYRvZhaFXrXyY"},{"text":"Charlie told her that his boss, Bob, told him to not allow anybody to bother him today and asked her that did she schedule the interview with him or not?","playerId":"Kk9nbBJy5oMQvJr3R"},{"text":"Anne says she did, and asked him how he's been","playerId":"Kcr5ZYRvZhaFXrXyY"},{"text":"Charlie told her he is doing fine, but this job is kinda boring. He told her that he will have to go check with Bob to make sure that Bob is aware with this.","playerId":"Kk9nbBJy5oMQvJr3R"},{"text":"Anne smiled and said ok, and waited for Charlie to return","playerId":"Kcr5ZYRvZhaFXrXyY"},{"text":"Charlie returned, but with a concern on his face and told her that Bob is gone! He is not at home.","playerId":"Kk9nbBJy5oMQvJr3R"},{"text":"Anne was astonished, and asked Charlie what he thought they should do!","playerId":"Kcr5ZYRvZhaFXrXyY"},{"text":"Charlie told her that she should come back later.","playerId":"Kk9nbBJy5oMQvJr3R"},{"text":"Anne looked upset, but said she would come back again in an hour","playerId":"Kcr5ZYRvZhaFXrXyY"},{"text":"Charlie apologized and told her that he can't do anything.","playerId":"Kk9nbBJy5oMQvJr3R"},{"text":"Anne understood it wasn't Charlie's fault","playerId":"Kcr5ZYRvZhaFXrXyY"},{"text":"Charlie told her that he can call her when Bob is back and give her his phone number.","playerId":"Kk9nbBJy5oMQvJr3R"}]}
{"_id":"rmNFj32TpYNR7A96z","index":0,"name":"writing-0","displayName":"Story 1","startTimeAt":"2018-11-02T12:29:14.474Z","durationInSeconds":1000,"roundId":"gd9HKE5dRtFTatW9p","gameId":"LaieLHagPg4jT5TuF","createdAt":"2018-11-02T12:29:13.508Z","data.task":{},"data.chat":[{"text":"Anne is in front of Bob’s house","playerId":"JwxQjFkWzgBBhxEW5","isChat":true},{"text":"Charlie tosses a large black coat over Bobs shoulders and head as Bob hops out of the car door.","playerId":"wY2zX2shhAk9fGHEi","isChat":true},{"text":"ok  Bob employs Charlie to make sure that nobody is able to bother.","playerId":"JwxQjFkWzgBBhxEW5","isChat":true},{"text":"Bob continues to shuffle his feet quickly while attempting to hide under the coat, from the surrounding flashes of cameras and media. Bobs head is lowered to the ground, however he spots Anne standing at the door, staring into the distance and holding a phone in one hand and a black leather moleskin notebook in the other.","playerId":"wY2zX2shhAk9fGHEi","isChat":true},{"text":"also anna  wants to interview Bob at his house. Bob employs Charlie to make sure that nobody is able to bother him","playerId":"JwxQjFkWzgBBhxEW5","isChat":true},{"text":"As Charlie shuffles along with Bob, Charlie inquires with his employer if he should shoo Anne off the property. \" What do you think? She is an old friend of yours and you could use her to push your version of the story. I can easily shoo her off the property Bob","playerId":"wY2zX2shhAk9fGHEi","isChat":true},{"text":"Bob looks up towards Charlie as he peers down into the coat to shield them from the onlooking media frenzy. \" Let her IN.\" Bob shouts quickly. Charlie shakes his head as he understands. Charlies blond curls move along with his head shake. Bob adds \" But, tell Anne she has two minutes to prove to me why she is worth my time and the opportunity to write her story and get the interview. \"","playerId":"wY2zX2shhAk9fGHEi","isChat":true},{"text":"As Bob walks past Anne under the coat he peers up at her, and shakes his head in agreement.","playerId":"wY2zX2shhAk9fGHEi","isChat":true}],"data.whosTurn":"JwxQjFkWzgBBhxEW5"}
{"_id":"FqJuCm2rQ6hbEkCBP","index":0,"name":"writing-0","displayName":"Story 1","startTimeAt":"2018-11-02T14:53:20.004Z","durationInSeconds":1000,"roundId":"uc8oeatPjKLm7tCFM","gameId":"Xb2WYxtKCcwK4C44b","createdAt":"2018-11-02T14:53:18.860Z","data.task":{},"data.chat":[{"text":"Anne says hello","playerId":"Ch3JG7xNQnMf83vjw","isChat":true},{"text":"Charlie asks why Anne is here.","playerId":"XjCRtEdaJuq55sF6T","isChat":true},{"text":"Anne says she is here to interview Bob","playerId":"Ch3JG7xNQnMf83vjw","isChat":true},{"text":"Charlie says that Bob is unavailable.","playerId":"XjCRtEdaJuq55sF6T","isChat":true},{"text":"Anne asks when Bob might be available","playerId":"Ch3JG7xNQnMf83vjw","isChat":true},{"text":"Charlie says Bob will be very busy for a while.","playerId":"XjCRtEdaJuq55sF6T","isChat":true},{"text":"Anne hands Charlie her business card and asks him to give it to Bob","playerId":"Ch3JG7xNQnMf83vjw","isChat":true},{"text":"Charlie takes the business card.","playerId":"XjCRtEdaJuq55sF6T","isChat":true},{"text":"Anne asks Charlie to give it to Bob now so that Bob can decide if he wants to speak with her","playerId":"Ch3JG7xNQnMf83vjw","isChat":true},{"text":"Charlie promises to give the card to Bob.","playerId":"XjCRtEdaJuq55sF6T","isChat":true},{"text":"Anne waits while Charlie gives Bob the business card in case he can talk to her now","playerId":"Ch3JG7xNQnMf83vjw","isChat":true},{"text":"Charlie says he has to go now.","playerId":"XjCRtEdaJuq55sF6T","isChat":true},{"text":"Anne thanks him for his time","playerId":"Ch3JG7xNQnMf83vjw","isChat":true},{"text":"Charlie closes the door.","playerId":"XjCRtEdaJuq55sF6T","isChat":true}],"data.whosTurn":"Ch3JG7xNQnMf83vjw"}
{"_id":"ZnEaQd4REtAhEh2dB","index":1,"name":"writing-1","displayName":"Story 2","startTimeAt":"2018-11-02T14:58:22.095Z","durationInSeconds":1000,"roundId":"uc8oeatPjKLm7tCFM","gameId":"Xb2WYxtKCcwK4C44b","createdAt":"2018-11-02T14:53:18.963Z","data.task":{"Anne":"ambitious","Charlie":"manipulative"},"data.chat":[{"text":"Anne comes back the next day and knocks on Bobs door","playerId":"Ch3JG7xNQnMf83vjw","isChat":true},{"text":"Charlie opens the door.","playerId":"XjCRtEdaJuq55sF6T","isChat":true},{"text":"Anne introduces herself again and hands Charlie the coffee that she brought for him","playerId":"Ch3JG7xNQnMf83vjw","isChat":true},{"text":"Charlie thanks Anne for the coffee.","playerId":"XjCRtEdaJuq55sF6T","isChat":true},{"text":"Anne asks Charlie if Bob is available to speak to her today","playerId":"Ch3JG7xNQnMf83vjw","isChat":true},{"text":"Charlie says Bob is having a family emergency.","playerId":"XjCRtEdaJuq55sF6T","isChat":true},{"text":"Anne asks Charlie if there is a better time for her to return to speak to Bob","playerId":"Ch3JG7xNQnMf83vjw","isChat":true},{"text":"Charlie says Bob is always busy.","playerId":"XjCRtEdaJuq55sF6T","isChat":true},{"text":"Anne tells Charlie that she will keep coming back until Bob can find time to squeeze her in for ten minutes","playerId":"Ch3JG7xNQnMf83vjw","isChat":true},{"text":"Charlie says it could be a year before that happens.","playerId":"XjCRtEdaJuq55sF6T","isChat":true},{"text":"Anne says that fine, she will keep trying in the hope that she can catch ten minutes of his spare time","playerId":"Ch3JG7xNQnMf83vjw","isChat":true},{"text":"Charlie says it'll be nice to keep seeing Anne.","playerId":"XjCRtEdaJuq55sF6T","isChat":true},{"text":"Anne winks at Charlie and says she enjoys speaking to him too","playerId":"Ch3JG7xNQnMf83vjw","isChat":true}],"data.whosTurn":"Ch3JG7xNQnMf83vjw"}
{"_id":"YCQzett4XFxJ2BJEC","index":2,"name":"writing-2","displayName":"Story 3","startTimeAt":"2018-11-02T15:05:53.605Z","durationInSeconds":1000,"roundId":"uc8oeatPjKLm7tCFM","gameId":"Xb2WYxtKCcwK4C44b","createdAt":"2018-11-02T14:53:19.062Z","data.task":{"Anne":"manipulative","Charlie":"arrogant"},"data.chat":[{"text":"Anne shows up at Bobs door wearing a very tight skirt and low cut blouse","playerId":"Ch3JG7xNQnMf83vjw","isChat":true},{"text":"Charlie asks if Anne wore the outfit for him.","playerId":"XjCRtEdaJuq55sF6T","isChat":true},{"text":"Anne smiles and says yes, she was looking forward to seeing him again","playerId":"Ch3JG7xNQnMf83vjw","isChat":true},{"text":"Charlie asks if Anne wants to ring the doorbell in the evening sometime.","playerId":"XjCRtEdaJuq55sF6T","isChat":true},{"text":"Anne says that she would like that very much, if there is a chance she can interview Bob and get her work out of the way","playerId":"Ch3JG7xNQnMf83vjw","isChat":true},{"text":"Charlie says it would be more interesting to interview him.","playerId":"XjCRtEdaJuq55sF6T","isChat":true},{"text":"Anne says she could \"interview\" him at her house sometime, but still needs to get her work done","playerId":"Ch3JG7xNQnMf83vjw","isChat":true},{"text":"Charlie says work can always happen later.","playerId":"XjCRtEdaJuq55sF6T","isChat":true},{"text":"Anne says that maybe if she knows for sure that she can get her work done, say, with a solid appointment with Bob, that she would consider it","playerId":"Ch3JG7xNQnMf83vjw","isChat":true},{"text":"Charlie says he can just speak for Bob.","playerId":"XjCRtEdaJuq55sF6T","isChat":true},{"text":"Anne says that her editors would appreciate his insight, but that she really must speak with Bob in person","playerId":"Ch3JG7xNQnMf83vjw","isChat":true},{"text":"Charlie says he can only arrange that if Anne is worth it.","playerId":"XjCRtEdaJuq55sF6T","isChat":true},{"text":"Anne says that he will find out that shes worth it once Charlie arranges it","playerId":"Ch3JG7xNQnMf83vjw","isChat":true},{"text":"Charlie says he's too important to take risks like that.","playerId":"XjCRtEdaJuq55sF6T","isChat":true},{"text":"Anne says she needs assurances that Bob will speak with her, or shes afraid she wont be knocking at night any time soon","playerId":"Ch3JG7xNQnMf83vjw","isChat":true},{"text":"Charlie says Anne will come around.","playerId":"XjCRtEdaJuq55sF6T","isChat":true},{"text":"Anne says that unless she can talk to Bob, she is going to have to leave because she has other interviews to do","playerId":"Ch3JG7xNQnMf83vjw","isChat":true},{"text":"Charlie says he will see Anne later.","playerId":"XjCRtEdaJuq55sF6T","isChat":true}],"data.whosTurn":"Ch3JG7xNQnMf83vjw"}
{"_id":"zHbhtzQ6Confo3kCT","index":0,"name":"writing-0","displayName":"Story 1","startTimeAt":"2018-11-02T16:07:52.414Z","durationInSeconds":1000,"roundId":"kxr74y9W8apLw4qBK","gameId":"6rPgxcnyQyd5gmuST","createdAt":"2018-11-02T16:07:50.649Z","data.task":{},"data.chat":[],"data.whosTurn":"6RQbrPuobcZDtNrnv"}
