{"_id":"Dohho4gZt2dPMH3zy","index":0,"stageIds":["FGEp2LnYLzny5rvEr","S2jpm4qEx6fJAR4cv","YNjj3aRHEEhytiFZt"],"gameId":"zYND9NhjKqiniXGG8","createdAt":"2018-10-31T14:19:29.201Z"}
{"_id":"xi6BjDtSZ7XDXcMDZ","index":0,"stageIds":["9biThoRpNrLjvw8j3","DRuDW6jWvvMiqw8gJ","x9KsCEFjkt5XJQFqj"],"gameId":"SeFWESv37kvk6HCZr","createdAt":"2018-10-31T16:48:08.221Z"}
{"_id":"gd9HKE5dRtFTatW9p","index":0,"stageIds":["rmNFj32TpYNR7A96z","fxtDsYem9ZQ529b3o","Jxb5kasTQbNmnzBTj"],"gameId":"LaieLHagPg4jT5TuF","createdAt":"2018-11-02T12:29:13.434Z"}
{"_id":"bQLigCEwmwPDKkR95","index":0,"stageIds":["YGFXvbYN9esjNttkn","aBanR7qkjDfXvpRpP","2X28zw5ngNpYxzJax"],"gameId":"gruBaXqSY8HZPRjuD","createdAt":"2018-11-02T12:39:47.110Z"}
{"_id":"uc8oeatPjKLm7tCFM","index":0,"stageIds":["FqJuCm2rQ6hbEkCBP","ZnEaQd4REtAhEh2dB","YCQzett4XFxJ2BJEC"],"gameId":"Xb2WYxtKCcwK4C44b","createdAt":"2018-11-02T14:53:18.764Z"}
{"_id":"kxr74y9W8apLw4qBK","index":0,"stageIds":["zHbhtzQ6Confo3kCT","v6kZFbP7xvR9FMwZJ","e9k9qcRPfPuaTSZLb"],"gameId":"6rPgxcnyQyd5gmuST","createdAt":"2018-11-02T16:07:50.621Z"}
