{"_id":"A3xBPYbaPLZ6ajmjB","assignment":"simple","full":true,"runningAt":"2018-11-02T18:26:03.052Z","finishedAt":"2018-11-02T19:26:48.775Z","status":"finished","gameIds":[],"gameLobbyIds":["vCbG2eCXSysJ9hkoN","5WDCBerAhfAYJb34u","a3hiYyhrZ6ZXPiPbL","gEECAYBpB3J4Afzzn","YeRFBt4tFitbBSxyD"],"createdAt":"2018-11-02T18:26:00.604Z"}
{"_id":"PQNriKperEK6x8CkQ","assignment":"simple","full":true,"runningAt":"2018-11-02T20:09:53.375Z","finishedAt":"2018-11-02T21:42:33.559Z","status":"finished","gameIds":[],"gameLobbyIds":["XZ4Ct6sXtytEyFQHX","Lnz6tj4CzLpXWEZok","SrETRxNeP8ByaYAhX","bjvq7TRAEikMem57Z","96LtX449MjAxae9YC"],"createdAt":"2018-11-02T20:09:51.479Z"}
{"_id":"f8JrnqrvaYpbQ6LMN","assignment":"simple","full":true,"runningAt":"2018-11-02T22:31:20.764Z","finishedAt":"2018-11-03T00:11:11.934Z","status":"finished","gameIds":[],"gameLobbyIds":["GvaEyKxYo9Z5aqf8H","pgByE9DuHDZnPLKus","oqqpdEoT3CgxWYx37","pPXxurJcfM4Bo75A7","7LogAGLusNfPkN63z"],"createdAt":"2018-11-02T22:31:19.246Z"}
{"_id":"XDndtaKwPBjehTd9y","assignment":"simple","full":true,"runningAt":"2018-11-03T00:14:51.222Z","finishedAt":"2018-11-03T01:52:16.747Z","status":"finished","gameIds":[],"gameLobbyIds":["SQy4ejKQ8jKgC92wk","iKWz3GAgaFtw9vAn3","hNn6nNPE7h9YCRWoh","Bcbb9QyXL2duqTBpf","KLvp2vZotk62RRGpZ"],"createdAt":"2018-11-03T00:14:49.318Z"}
{"_id":"FJYEXh3g3t3uA6yRp","assignment":"simple","full":true,"runningAt":"2018-11-03T11:18:20.344Z","finishedAt":"2018-11-03T13:52:55.544Z","status":"finished","gameIds":[],"gameLobbyIds":["pMnRZK5zhHwYkGEZD","9b9pmoDfY5t2x8co3","boy2Jbrn5RsLPZP3g","6Gy8LivRBSjNzgXLi","48YqZKk6rCmswYrX3"],"createdAt":"2018-11-03T10:12:45.259Z"}
{"_id":"hfDGyd7NaaFECwuiR","assignment":"simple","full":false,"runningAt":"2018-11-03T16:05:16.429Z","status":"cancelled","gameIds":[],"gameLobbyIds":["hBS7urtGWGL3CNzSX","2j8ZrSuPSJu4joLhr","uxHhA7nowopuThXg4","iDPFzuCPPBmD8QciE","Nx6jiZgSgFkBHneJk"],"createdAt":"2018-11-03T16:05:14.934Z"}
{"_id":"knfiQFAcgoHt4GYLo","assignment":"simple","full":false,"runningAt":"2018-11-03T17:48:20.306Z","status":"running","gameIds":[],"gameLobbyIds":["kd8jyYD7GtMZ6WYD9"],"createdAt":"2018-11-03T17:48:16.517Z"}
