{"_id":"faDMJ9p4gHsoArrih","finishedAt":"2018-11-02T19:19:33.180Z","gameLobbyId":"vCbG2eCXSysJ9hkoN","treatmentId":"kR6pYBKSSLHmK4kvX","roundIds":["6nKdhBvx4omQ7nGeP"],"playerIds":["XwxoAYfQKi3QZsFSc","wBJkBDcfMmrH8Hmsp"],"batchId":"A3xBPYbaPLZ6ajmjB","createdAt":"2018-11-02T18:31:54.784Z"}
{"_id":"ys46NdpYXkT3iDsbm","finishedAt":"2018-11-02T19:18:14.699Z","gameLobbyId":"gEECAYBpB3J4Afzzn","treatmentId":"kR6pYBKSSLHmK4kvX","roundIds":["2oQTkj7jzCMk3xNx8"],"playerIds":["cmtG2p7KgPcainy6j","ndqYX2jc4Td6aexNL"],"batchId":"A3xBPYbaPLZ6ajmjB","createdAt":"2018-11-02T18:36:38.756Z"}
{"_id":"ucKZyuEzmBytdfKL8","finishedAt":"2018-11-02T19:26:48.753Z","gameLobbyId":"a3hiYyhrZ6ZXPiPbL","treatmentId":"kR6pYBKSSLHmK4kvX","roundIds":["gjiQiG63kYmripfpw"],"playerIds":["7FzqebgSKcR8mLmmw","TYw4bAZ2zrAdtHwhE"],"batchId":"A3xBPYbaPLZ6ajmjB","createdAt":"2018-11-02T18:36:44.873Z"}
{"_id":"m2x3HHoJbwdHSXXCM","finishedAt":"2018-11-02T21:42:33.460Z","gameLobbyId":"96LtX449MjAxae9YC","treatmentId":"kR6pYBKSSLHmK4kvX","roundIds":["NntnbDHogeAFgntcD"],"playerIds":["YDWYHBcevX5bFq7kk","mCsKqz34Zab47ED4r"],"batchId":"PQNriKperEK6x8CkQ","createdAt":"2018-11-02T20:52:28.566Z"}
{"_id":"2MXHsXo7TGGhgfhAh","finishedAt":"2018-11-02T23:01:54.176Z","gameLobbyId":"7LogAGLusNfPkN63z","treatmentId":"kR6pYBKSSLHmK4kvX","roundIds":["Jzd9ZDrcEJAosBTQo"],"playerIds":["2xbSqCzyfB8NJYLAr","3n4tmWgT85rBsL5xn"],"batchId":"f8JrnqrvaYpbQ6LMN","createdAt":"2018-11-02T22:38:58.753Z"}
{"_id":"iRsRatFu2GNMjYS34","finishedAt":"2018-11-03T00:11:11.839Z","gameLobbyId":"GvaEyKxYo9Z5aqf8H","treatmentId":"kR6pYBKSSLHmK4kvX","roundIds":["FedDxXDRGhDGxR2km"],"playerIds":["dbbCxu4pb8SnEWzxy","orT9LRZcAQNQeSYxg"],"batchId":"f8JrnqrvaYpbQ6LMN","createdAt":"2018-11-02T23:21:06.766Z"}
{"_id":"kYuXsLe5F3XCa5SnE","finishedAt":"2018-11-03T01:12:20.525Z","gameLobbyId":"hNn6nNPE7h9YCRWoh","treatmentId":"kR6pYBKSSLHmK4kvX","roundIds":["BLCQhM88X2ndCeWNZ"],"playerIds":["XPTwgrwvSqfGmdpyi","fgde22uGgkfS3XBSM"],"batchId":"XDndtaKwPBjehTd9y","createdAt":"2018-11-03T01:10:18.634Z"}
{"_id":"B4h4AGtPqtbj7kfgw","finishedAt":"2018-11-03T01:52:16.730Z","gameLobbyId":"Bcbb9QyXL2duqTBpf","treatmentId":"kR6pYBKSSLHmK4kvX","roundIds":["B4qpcFfPF89zzvrq8"],"playerIds":["jz2iE5WJAEndCuwXy","nC5yjGvAa3rJrvT3F"],"batchId":"XDndtaKwPBjehTd9y","createdAt":"2018-11-03T01:32:17.638Z"}
{"_id":"gJC2aK6XgPtncBYf8","finishedAt":"2018-11-03T13:52:55.527Z","gameLobbyId":"pMnRZK5zhHwYkGEZD","treatmentId":"kR6pYBKSSLHmK4kvX","roundIds":["CsCNJQqPi6u6DtZP8"],"playerIds":["EJ6GNpFkMwtBAqxqd","kq77GyiXmjs6ZeR9J"],"batchId":"FJYEXh3g3t3uA6yRp","createdAt":"2018-11-03T13:02:50.733Z"}
