{"_id":"vCbG2eCXSysJ9hkoN","index":0,"availableCount":2,"timeoutStartedAt":"2018-11-02T18:31:08.967Z","queuedPlayerIds":["XwxoAYfQKi3QZsFSc","wBJkBDcfMmrH8Hmsp"],"playerIds":["XwxoAYfQKi3QZsFSc","wBJkBDcfMmrH8Hmsp"],"gameId":"faDMJ9p4gHsoArrih","treatmentId":"kR6pYBKSSLHmK4kvX","batchId":"A3xBPYbaPLZ6ajmjB","lobbyConfigId":"Lc8KYBfFivciWJ8B5","createdAt":"2018-11-02T18:26:00.619Z"}
{"_id":"5WDCBerAhfAYJb34u","index":1,"availableCount":2,"timeoutStartedAt":"2018-11-02T18:31:37.960Z","timedOutAt":"2018-11-02T18:36:38.860Z","queuedPlayerIds":["x8FqNKoo4yK23gda5","QLKf37mHiZYD5F9xp"],"playerIds":["x8FqNKoo4yK23gda5"],"treatmentId":"kR6pYBKSSLHmK4kvX","batchId":"A3xBPYbaPLZ6ajmjB","lobbyConfigId":"Lc8KYBfFivciWJ8B5","createdAt":"2018-11-02T18:26:00.634Z"}
{"_id":"a3hiYyhrZ6ZXPiPbL","index":2,"availableCount":2,"timeoutStartedAt":"2018-11-02T18:34:58.453Z","queuedPlayerIds":["7FzqebgSKcR8mLmmw","TYw4bAZ2zrAdtHwhE","sPbKr84AP2r9xfi8k","zx5vfohpBEKWtDCus"],"playerIds":["TYw4bAZ2zrAdtHwhE","7FzqebgSKcR8mLmmw"],"gameId":"ucKZyuEzmBytdfKL8","treatmentId":"kR6pYBKSSLHmK4kvX","batchId":"A3xBPYbaPLZ6ajmjB","lobbyConfigId":"Lc8KYBfFivciWJ8B5","createdAt":"2018-11-02T18:26:00.665Z"}
{"_id":"YeRFBt4tFitbBSxyD","index":4,"availableCount":2,"timeoutStartedAt":"2018-11-02T18:32:50.575Z","timedOutAt":"2018-11-02T18:37:51.271Z","queuedPlayerIds":["9eEdddNu9ZCT6oM9D","4Z6t6WNTNMzZDgnfz","EkbPA4reCq82mj5Jb","5K4smDCdyBeNTsbjv","sPbKr84AP2r9xfi8k","zx5vfohpBEKWtDCus"],"playerIds":["9eEdddNu9ZCT6oM9D"],"treatmentId":"kR6pYBKSSLHmK4kvX","batchId":"A3xBPYbaPLZ6ajmjB","lobbyConfigId":"Lc8KYBfFivciWJ8B5","createdAt":"2018-11-02T18:26:00.778Z"}
{"_id":"gEECAYBpB3J4Afzzn","index":3,"availableCount":2,"timeoutStartedAt":"2018-11-02T18:35:34.568Z","queuedPlayerIds":["sPbKr84AP2r9xfi8k","EkbPA4reCq82mj5Jb","zx5vfohpBEKWtDCus","cmtG2p7KgPcainy6j","ndqYX2jc4Td6aexNL","5K4smDCdyBeNTsbjv"],"playerIds":["cmtG2p7KgPcainy6j","ndqYX2jc4Td6aexNL"],"gameId":"ys46NdpYXkT3iDsbm","treatmentId":"kR6pYBKSSLHmK4kvX","batchId":"A3xBPYbaPLZ6ajmjB","lobbyConfigId":"Lc8KYBfFivciWJ8B5","createdAt":"2018-11-02T18:26:00.694Z"}
{"_id":"XZ4Ct6sXtytEyFQHX","index":0,"availableCount":2,"timeoutStartedAt":"2018-11-02T20:36:39.230Z","timedOutAt":"2018-11-02T20:41:40.044Z","queuedPlayerIds":["spZgXWcbs4GP29twg"],"playerIds":["spZgXWcbs4GP29twg"],"treatmentId":"kR6pYBKSSLHmK4kvX","batchId":"PQNriKperEK6x8CkQ","lobbyConfigId":"Lc8KYBfFivciWJ8B5","createdAt":"2018-11-02T20:09:51.577Z"}
{"_id":"Lnz6tj4CzLpXWEZok","index":1,"availableCount":2,"timeoutStartedAt":"2018-11-02T20:17:58.358Z","timedOutAt":"2018-11-02T20:22:58.546Z","queuedPlayerIds":["3zwYR2faGdzaSCjN5"],"playerIds":["3zwYR2faGdzaSCjN5"],"treatmentId":"kR6pYBKSSLHmK4kvX","batchId":"PQNriKperEK6x8CkQ","lobbyConfigId":"Lc8KYBfFivciWJ8B5","createdAt":"2018-11-02T20:09:51.600Z"}
{"_id":"SrETRxNeP8ByaYAhX","index":2,"availableCount":2,"timeoutStartedAt":"2018-11-02T20:40:21.662Z","timedOutAt":"2018-11-02T20:45:22.299Z","queuedPlayerIds":["W7D2vikg88oed5sg2","dHRdpfw59HhgMWogL"],"playerIds":["dHRdpfw59HhgMWogL"],"treatmentId":"kR6pYBKSSLHmK4kvX","batchId":"PQNriKperEK6x8CkQ","lobbyConfigId":"Lc8KYBfFivciWJ8B5","createdAt":"2018-11-02T20:09:51.701Z"}
{"_id":"bjvq7TRAEikMem57Z","index":3,"availableCount":2,"timeoutStartedAt":"2018-11-02T21:01:00.460Z","timedOutAt":"2018-11-02T21:06:00.591Z","queuedPlayerIds":["ZWXxzsc2f7TXfMy7P","4ZbQRPEexQmpeDRX3","bmHQM3XZtrBsbRqCL","KBrTiZ8w2HAApcv8y","Pk6MRDSTkMrRmHzNw","cbRpBcYQYGZYqokQw"],"playerIds":["Pk6MRDSTkMrRmHzNw"],"treatmentId":"kR6pYBKSSLHmK4kvX","batchId":"PQNriKperEK6x8CkQ","lobbyConfigId":"Lc8KYBfFivciWJ8B5","createdAt":"2018-11-02T20:09:51.726Z"}
{"_id":"96LtX449MjAxae9YC","index":4,"availableCount":2,"timeoutStartedAt":"2018-11-02T20:50:43.068Z","queuedPlayerIds":["bmHQM3XZtrBsbRqCL","KBrTiZ8w2HAApcv8y","mCsKqz34Zab47ED4r","Pk6MRDSTkMrRmHzNw","YDWYHBcevX5bFq7kk"],"playerIds":["mCsKqz34Zab47ED4r","YDWYHBcevX5bFq7kk"],"gameId":"m2x3HHoJbwdHSXXCM","treatmentId":"kR6pYBKSSLHmK4kvX","batchId":"PQNriKperEK6x8CkQ","lobbyConfigId":"Lc8KYBfFivciWJ8B5","createdAt":"2018-11-02T20:09:51.786Z"}
{"_id":"GvaEyKxYo9Z5aqf8H","index":0,"availableCount":2,"timeoutStartedAt":"2018-11-02T23:17:07.308Z","queuedPlayerIds":["tdiAr2SFaMcTNY55L","3PbzeGZy3w394AwmF","dbbCxu4pb8SnEWzxy","orT9LRZcAQNQeSYxg"],"playerIds":["dbbCxu4pb8SnEWzxy","orT9LRZcAQNQeSYxg"],"gameId":"iRsRatFu2GNMjYS34","treatmentId":"kR6pYBKSSLHmK4kvX","batchId":"f8JrnqrvaYpbQ6LMN","lobbyConfigId":"Lc8KYBfFivciWJ8B5","createdAt":"2018-11-02T22:31:19.290Z"}
{"_id":"pgByE9DuHDZnPLKus","index":1,"availableCount":2,"timeoutStartedAt":"2018-11-02T23:02:11.766Z","timedOutAt":"2018-11-02T23:07:11.853Z","queuedPlayerIds":["QHrtWexNbhjX7MXpL"],"playerIds":["QHrtWexNbhjX7MXpL"],"treatmentId":"kR6pYBKSSLHmK4kvX","batchId":"f8JrnqrvaYpbQ6LMN","lobbyConfigId":"Lc8KYBfFivciWJ8B5","createdAt":"2018-11-02T22:31:20.062Z"}
{"_id":"oqqpdEoT3CgxWYx37","index":2,"availableCount":2,"timeoutStartedAt":"2018-11-02T22:57:31.894Z","timedOutAt":"2018-11-02T23:02:32.091Z","queuedPlayerIds":["GDnRXTe5npnjHpK6z"],"playerIds":["GDnRXTe5npnjHpK6z"],"treatmentId":"kR6pYBKSSLHmK4kvX","batchId":"f8JrnqrvaYpbQ6LMN","lobbyConfigId":"Lc8KYBfFivciWJ8B5","createdAt":"2018-11-02T22:31:20.161Z"}
{"_id":"pPXxurJcfM4Bo75A7","index":3,"availableCount":2,"timeoutStartedAt":"2018-11-02T22:33:44.355Z","timedOutAt":"2018-11-02T22:38:44.784Z","queuedPlayerIds":["2jb3Pg6uckTJHcdNG"],"playerIds":["2jb3Pg6uckTJHcdNG"],"treatmentId":"kR6pYBKSSLHmK4kvX","batchId":"f8JrnqrvaYpbQ6LMN","lobbyConfigId":"Lc8KYBfFivciWJ8B5","createdAt":"2018-11-02T22:31:20.191Z"}
{"_id":"7LogAGLusNfPkN63z","index":4,"availableCount":2,"timeoutStartedAt":"2018-11-02T22:36:15.670Z","queuedPlayerIds":["3n4tmWgT85rBsL5xn","2xbSqCzyfB8NJYLAr"],"playerIds":["3n4tmWgT85rBsL5xn","2xbSqCzyfB8NJYLAr"],"gameId":"2MXHsXo7TGGhgfhAh","treatmentId":"kR6pYBKSSLHmK4kvX","batchId":"f8JrnqrvaYpbQ6LMN","lobbyConfigId":"Lc8KYBfFivciWJ8B5","createdAt":"2018-11-02T22:31:20.272Z"}
{"_id":"iKWz3GAgaFtw9vAn3","index":1,"availableCount":2,"timeoutStartedAt":"2018-11-03T00:44:55.906Z","timedOutAt":"2018-11-03T00:49:56.468Z","queuedPlayerIds":["2qncBz78yFSRbWgnf","GfYrwynNgmysXtDZh"],"playerIds":["GfYrwynNgmysXtDZh"],"treatmentId":"kR6pYBKSSLHmK4kvX","batchId":"XDndtaKwPBjehTd9y","lobbyConfigId":"Lc8KYBfFivciWJ8B5","createdAt":"2018-11-03T00:14:49.356Z"}
{"_id":"hNn6nNPE7h9YCRWoh","index":2,"availableCount":2,"timeoutStartedAt":"2018-11-03T01:09:44.755Z","queuedPlayerIds":["3DWoy4m3czza5XZar","zmNCknTqBB7GYgchh","fgde22uGgkfS3XBSM","XPTwgrwvSqfGmdpyi"],"playerIds":["fgde22uGgkfS3XBSM","XPTwgrwvSqfGmdpyi"],"gameId":"kYuXsLe5F3XCa5SnE","treatmentId":"kR6pYBKSSLHmK4kvX","batchId":"XDndtaKwPBjehTd9y","lobbyConfigId":"Lc8KYBfFivciWJ8B5","createdAt":"2018-11-03T00:14:49.370Z"}
{"_id":"KLvp2vZotk62RRGpZ","index":4,"availableCount":2,"timeoutStartedAt":"2018-11-03T00:43:44.813Z","timedOutAt":"2018-11-03T00:48:45.538Z","queuedPlayerIds":["EhyzsHck9yZnmcJFH","TfEqB8tJB9yubb5y6"],"playerIds":["TfEqB8tJB9yubb5y6"],"treatmentId":"kR6pYBKSSLHmK4kvX","batchId":"XDndtaKwPBjehTd9y","lobbyConfigId":"Lc8KYBfFivciWJ8B5","createdAt":"2018-11-03T00:14:49.452Z"}
{"_id":"Bcbb9QyXL2duqTBpf","index":3,"availableCount":2,"timeoutStartedAt":"2018-11-03T01:31:35.388Z","queuedPlayerIds":["shQLXYjgKz3wnpBf3","qAiLuqcsDWXSHnPEu","3DWoy4m3czza5XZar","zmNCknTqBB7GYgchh","PmteiMNvhqbw5j2ni","nC5yjGvAa3rJrvT3F","jz2iE5WJAEndCuwXy","ZJjbuzjJ5vvHqeGtt"],"playerIds":["nC5yjGvAa3rJrvT3F","jz2iE5WJAEndCuwXy"],"gameId":"B4h4AGtPqtbj7kfgw","treatmentId":"kR6pYBKSSLHmK4kvX","batchId":"XDndtaKwPBjehTd9y","lobbyConfigId":"Lc8KYBfFivciWJ8B5","createdAt":"2018-11-03T00:14:49.436Z"}
{"_id":"SQy4ejKQ8jKgC92wk","index":0,"availableCount":2,"timeoutStartedAt":"2018-11-03T01:31:30.035Z","timedOutAt":"2018-11-03T01:36:30.563Z","queuedPlayerIds":["H9Q8Qw5b4pwzGF5Lr","Q86ZBCBx3aNb57zFJ","GthA7n2Lg6SEA9EvE","kQk8XphzLzKNbWJAL","shQLXYjgKz3wnpBf3","qAiLuqcsDWXSHnPEu","3DWoy4m3czza5XZar","zmNCknTqBB7GYgchh","PmteiMNvhqbw5j2ni","ZJjbuzjJ5vvHqeGtt","mrAicD2jxgJ4hcyGK"],"playerIds":["kQk8XphzLzKNbWJAL"],"treatmentId":"kR6pYBKSSLHmK4kvX","batchId":"XDndtaKwPBjehTd9y","lobbyConfigId":"Lc8KYBfFivciWJ8B5","createdAt":"2018-11-03T00:14:49.340Z"}
{"_id":"9b9pmoDfY5t2x8co3","index":1,"availableCount":2,"timeoutStartedAt":"2018-11-03T11:26:16.426Z","timedOutAt":"2018-11-03T11:31:16.957Z","queuedPlayerIds":["uToyPm2CWbButdYYE"],"playerIds":["uToyPm2CWbButdYYE"],"treatmentId":"kR6pYBKSSLHmK4kvX","batchId":"FJYEXh3g3t3uA6yRp","lobbyConfigId":"Lc8KYBfFivciWJ8B5","createdAt":"2018-11-03T10:12:45.349Z"}
{"_id":"boy2Jbrn5RsLPZP3g","index":2,"availableCount":2,"timeoutStartedAt":"2018-11-03T12:50:26.291Z","timedOutAt":"2018-11-03T12:55:26.933Z","queuedPlayerIds":["AwNmAMpmSv4R67F79","wCATbvnMDwjCs3KNs","Xag3tM3BZA3ymMwzE","H9NxwqCWa5qs3vLwn","9wikAuigFECt8K3xh"],"playerIds":["Xag3tM3BZA3ymMwzE"],"treatmentId":"kR6pYBKSSLHmK4kvX","batchId":"FJYEXh3g3t3uA6yRp","lobbyConfigId":"Lc8KYBfFivciWJ8B5","createdAt":"2018-11-03T10:12:45.425Z"}
{"_id":"6Gy8LivRBSjNzgXLi","index":3,"availableCount":2,"timeoutStartedAt":"2018-11-03T12:07:58.424Z","timedOutAt":"2018-11-03T12:12:58.554Z","queuedPlayerIds":["SxrgJBoCCNm9anFyG","ZEknqhHwq7byb4kfp"],"playerIds":["ZEknqhHwq7byb4kfp"],"treatmentId":"kR6pYBKSSLHmK4kvX","batchId":"FJYEXh3g3t3uA6yRp","lobbyConfigId":"Lc8KYBfFivciWJ8B5","createdAt":"2018-11-03T10:12:45.441Z"}
{"_id":"48YqZKk6rCmswYrX3","index":4,"availableCount":2,"timeoutStartedAt":"2018-11-03T12:44:55.445Z","timedOutAt":"2018-11-03T12:49:56.264Z","queuedPlayerIds":["svxnh8XGQibvzvyYM","yuEkCCsvcQKpP7AXX","i4h3DTLEDhZgZivpG"],"playerIds":["i4h3DTLEDhZgZivpG"],"treatmentId":"kR6pYBKSSLHmK4kvX","batchId":"FJYEXh3g3t3uA6yRp","lobbyConfigId":"Lc8KYBfFivciWJ8B5","createdAt":"2018-11-03T10:12:45.455Z"}
{"_id":"pMnRZK5zhHwYkGEZD","index":0,"availableCount":2,"timeoutStartedAt":"2018-11-03T12:58:23.839Z","queuedPlayerIds":["F87fPNkMB5o9wtjhj","SKBgr7igrPEZCQRgX","NscsQhgedwzQfpXp3","kq77GyiXmjs6ZeR9J","MYQavHMPnXi7c4gDW","EJ6GNpFkMwtBAqxqd"],"playerIds":["kq77GyiXmjs6ZeR9J","EJ6GNpFkMwtBAqxqd"],"gameId":"gJC2aK6XgPtncBYf8","treatmentId":"kR6pYBKSSLHmK4kvX","batchId":"FJYEXh3g3t3uA6yRp","lobbyConfigId":"Lc8KYBfFivciWJ8B5","createdAt":"2018-11-03T10:12:45.333Z"}
{"_id":"hBS7urtGWGL3CNzSX","index":0,"availableCount":2,"queuedPlayerIds":[],"playerIds":[],"treatmentId":"kR6pYBKSSLHmK4kvX","batchId":"hfDGyd7NaaFECwuiR","lobbyConfigId":"Lc8KYBfFivciWJ8B5","createdAt":"2018-11-03T16:05:14.951Z"}
{"_id":"2j8ZrSuPSJu4joLhr","index":1,"availableCount":2,"queuedPlayerIds":[],"playerIds":[],"treatmentId":"kR6pYBKSSLHmK4kvX","batchId":"hfDGyd7NaaFECwuiR","lobbyConfigId":"Lc8KYBfFivciWJ8B5","createdAt":"2018-11-03T16:05:15.027Z"}
{"_id":"uxHhA7nowopuThXg4","index":2,"availableCount":2,"queuedPlayerIds":[],"playerIds":[],"treatmentId":"kR6pYBKSSLHmK4kvX","batchId":"hfDGyd7NaaFECwuiR","lobbyConfigId":"Lc8KYBfFivciWJ8B5","createdAt":"2018-11-03T16:05:15.041Z"}
{"_id":"iDPFzuCPPBmD8QciE","index":3,"availableCount":2,"queuedPlayerIds":[],"playerIds":[],"treatmentId":"kR6pYBKSSLHmK4kvX","batchId":"hfDGyd7NaaFECwuiR","lobbyConfigId":"Lc8KYBfFivciWJ8B5","createdAt":"2018-11-03T16:05:15.056Z"}
{"_id":"Nx6jiZgSgFkBHneJk","index":4,"availableCount":2,"queuedPlayerIds":[],"playerIds":[],"treatmentId":"kR6pYBKSSLHmK4kvX","batchId":"hfDGyd7NaaFECwuiR","lobbyConfigId":"Lc8KYBfFivciWJ8B5","createdAt":"2018-11-03T16:05:15.070Z"}
{"_id":"kd8jyYD7GtMZ6WYD9","index":0,"availableCount":2,"queuedPlayerIds":[],"playerIds":[],"treatmentId":"kR6pYBKSSLHmK4kvX","batchId":"knfiQFAcgoHt4GYLo","lobbyConfigId":"ZnBg6Fz5GKox8NHZa","createdAt":"2018-11-03T17:48:16.583Z"}
