{"_id":"ifTZZ3ySfnZsoT3aw","batchId":"A3xBPYbaPLZ6ajmjB","playerId":"XwxoAYfQKi3QZsFSc","stageId":"Zu8buzdyckqDbKY4W","roundId":"6nKdhBvx4omQ7nGeP","gameId":"faDMJ9p4gHsoArrih","createdAt":"2018-11-02T18:31:54.358Z"}
{"_id":"aNPJPTptT2XcRfgij","batchId":"A3xBPYbaPLZ6ajmjB","playerId":"wBJkBDcfMmrH8Hmsp","stageId":"Zu8buzdyckqDbKY4W","roundId":"6nKdhBvx4omQ7nGeP","gameId":"faDMJ9p4gHsoArrih","createdAt":"2018-11-02T18:31:54.449Z"}
{"_id":"FEzyTzk22vF7Y7ZFE","batchId":"A3xBPYbaPLZ6ajmjB","playerId":"XwxoAYfQKi3QZsFSc","stageId":"MkuyezvipZn7kFg6e","roundId":"6nKdhBvx4omQ7nGeP","gameId":"faDMJ9p4gHsoArrih","createdAt":"2018-11-02T18:31:54.647Z"}
{"_id":"3GvmurhZvbjSQwMPF","batchId":"A3xBPYbaPLZ6ajmjB","playerId":"wBJkBDcfMmrH8Hmsp","stageId":"MkuyezvipZn7kFg6e","roundId":"6nKdhBvx4omQ7nGeP","gameId":"faDMJ9p4gHsoArrih","createdAt":"2018-11-02T18:31:54.666Z"}
{"_id":"h8tLPTHn4QW2pbh3Y","batchId":"A3xBPYbaPLZ6ajmjB","playerId":"cmtG2p7KgPcainy6j","stageId":"wE9hrYzfGwvZnup5F","roundId":"2oQTkj7jzCMk3xNx8","gameId":"ys46NdpYXkT3iDsbm","createdAt":"2018-11-02T18:36:38.344Z"}
{"_id":"Y2asji7TMPzyE5nCg","batchId":"A3xBPYbaPLZ6ajmjB","playerId":"ndqYX2jc4Td6aexNL","stageId":"wE9hrYzfGwvZnup5F","roundId":"2oQTkj7jzCMk3xNx8","gameId":"ys46NdpYXkT3iDsbm","createdAt":"2018-11-02T18:36:38.349Z"}
{"_id":"CBm2JmWzbByeKYhqJ","batchId":"A3xBPYbaPLZ6ajmjB","playerId":"cmtG2p7KgPcainy6j","stageId":"debvssd69xhxJmDeB","roundId":"2oQTkj7jzCMk3xNx8","gameId":"ys46NdpYXkT3iDsbm","createdAt":"2018-11-02T18:36:38.449Z"}
{"_id":"eejKYmJeJ6ta7vvvB","batchId":"A3xBPYbaPLZ6ajmjB","playerId":"ndqYX2jc4Td6aexNL","stageId":"debvssd69xhxJmDeB","roundId":"2oQTkj7jzCMk3xNx8","gameId":"ys46NdpYXkT3iDsbm","createdAt":"2018-11-02T18:36:38.455Z"}
{"_id":"EY4QPvWvMfBLvk3N7","batchId":"A3xBPYbaPLZ6ajmjB","playerId":"7FzqebgSKcR8mLmmw","stageId":"4r2H2yYkAYCBfZcwu","roundId":"gjiQiG63kYmripfpw","gameId":"ucKZyuEzmBytdfKL8","createdAt":"2018-11-02T18:36:44.284Z"}
{"_id":"Pxjb85MaHsqx4i8uW","batchId":"A3xBPYbaPLZ6ajmjB","playerId":"TYw4bAZ2zrAdtHwhE","stageId":"4r2H2yYkAYCBfZcwu","roundId":"gjiQiG63kYmripfpw","gameId":"ucKZyuEzmBytdfKL8","createdAt":"2018-11-02T18:36:44.291Z"}
{"_id":"rmdHbp2RyHiaoLtWB","batchId":"A3xBPYbaPLZ6ajmjB","playerId":"7FzqebgSKcR8mLmmw","stageId":"sj8oGy7Ej3gTHodmb","roundId":"gjiQiG63kYmripfpw","gameId":"ucKZyuEzmBytdfKL8","createdAt":"2018-11-02T18:36:44.385Z"}
{"_id":"Yi5ZBRdZW2GtZ4bsY","batchId":"A3xBPYbaPLZ6ajmjB","playerId":"TYw4bAZ2zrAdtHwhE","stageId":"sj8oGy7Ej3gTHodmb","roundId":"gjiQiG63kYmripfpw","gameId":"ucKZyuEzmBytdfKL8","createdAt":"2018-11-02T18:36:44.389Z"}
{"_id":"RFHfnkchFxZFbCSKa","batchId":"A3xBPYbaPLZ6ajmjB","playerId":"7FzqebgSKcR8mLmmw","stageId":"cJeNDCGaQqaSxq93C","roundId":"gjiQiG63kYmripfpw","gameId":"ucKZyuEzmBytdfKL8","createdAt":"2018-11-02T18:36:44.664Z"}
{"_id":"kQsPC6W5wrXBm6Ev2","batchId":"A3xBPYbaPLZ6ajmjB","playerId":"TYw4bAZ2zrAdtHwhE","stageId":"cJeNDCGaQqaSxq93C","roundId":"gjiQiG63kYmripfpw","gameId":"ucKZyuEzmBytdfKL8","createdAt":"2018-11-02T18:36:44.669Z"}
{"_id":"drKs6pd5YbqgdL2ni","batchId":"A3xBPYbaPLZ6ajmjB","playerId":"cmtG2p7KgPcainy6j","stageId":"p8RBsrjuFhfa6oHBH","roundId":"2oQTkj7jzCMk3xNx8","gameId":"ys46NdpYXkT3iDsbm","createdAt":"2018-11-02T18:36:38.250Z"}
{"_id":"y46Bd2pERg5pmqCo5","batchId":"A3xBPYbaPLZ6ajmjB","playerId":"ndqYX2jc4Td6aexNL","stageId":"p8RBsrjuFhfa6oHBH","roundId":"2oQTkj7jzCMk3xNx8","gameId":"ys46NdpYXkT3iDsbm","createdAt":"2018-11-02T18:36:38.255Z"}
{"_id":"zxo6YBkSvDNNu6vKq","batchId":"A3xBPYbaPLZ6ajmjB","playerId":"XwxoAYfQKi3QZsFSc","stageId":"HkYhrgTTy9XaHX86f","roundId":"6nKdhBvx4omQ7nGeP","gameId":"faDMJ9p4gHsoArrih","createdAt":"2018-11-02T18:31:54.155Z"}
{"_id":"nTufncq4o29Cj82T6","batchId":"A3xBPYbaPLZ6ajmjB","playerId":"wBJkBDcfMmrH8Hmsp","stageId":"HkYhrgTTy9XaHX86f","roundId":"6nKdhBvx4omQ7nGeP","gameId":"faDMJ9p4gHsoArrih","createdAt":"2018-11-02T18:31:54.163Z"}
{"_id":"Gzzbyt3FSXXD8sWPS","batchId":"PQNriKperEK6x8CkQ","playerId":"YDWYHBcevX5bFq7kk","stageId":"9W2Z7AJuTgPdzcrKx","roundId":"NntnbDHogeAFgntcD","gameId":"m2x3HHoJbwdHSXXCM","createdAt":"2018-11-02T20:52:28.164Z"}
{"_id":"uD3r9oBgevnfimZSo","batchId":"PQNriKperEK6x8CkQ","playerId":"mCsKqz34Zab47ED4r","stageId":"9W2Z7AJuTgPdzcrKx","roundId":"NntnbDHogeAFgntcD","gameId":"m2x3HHoJbwdHSXXCM","createdAt":"2018-11-02T20:52:28.168Z"}
{"_id":"kcsyoTfnCpCdy39pv","batchId":"PQNriKperEK6x8CkQ","playerId":"YDWYHBcevX5bFq7kk","stageId":"h9WBKh6KQqhZTcsvw","roundId":"NntnbDHogeAFgntcD","gameId":"m2x3HHoJbwdHSXXCM","createdAt":"2018-11-02T20:52:28.263Z"}
{"_id":"mCJdJin3ZiNZjqJNb","batchId":"PQNriKperEK6x8CkQ","playerId":"mCsKqz34Zab47ED4r","stageId":"h9WBKh6KQqhZTcsvw","roundId":"NntnbDHogeAFgntcD","gameId":"m2x3HHoJbwdHSXXCM","createdAt":"2018-11-02T20:52:28.268Z"}
{"_id":"uZvpPmXw2afLKTzXs","batchId":"PQNriKperEK6x8CkQ","playerId":"YDWYHBcevX5bFq7kk","stageId":"Kn8wCeePHP55nPgvj","roundId":"NntnbDHogeAFgntcD","gameId":"m2x3HHoJbwdHSXXCM","createdAt":"2018-11-02T20:52:28.360Z"}
{"_id":"a3k886ddmfNRnYwtz","batchId":"PQNriKperEK6x8CkQ","playerId":"mCsKqz34Zab47ED4r","stageId":"Kn8wCeePHP55nPgvj","roundId":"NntnbDHogeAFgntcD","gameId":"m2x3HHoJbwdHSXXCM","createdAt":"2018-11-02T20:52:28.364Z"}
{"_id":"u4D37ZmmgLr29P9p3","batchId":"f8JrnqrvaYpbQ6LMN","playerId":"orT9LRZcAQNQeSYxg","stageId":"qKoCsB7GEwdtXP37h","roundId":"FedDxXDRGhDGxR2km","gameId":"iRsRatFu2GNMjYS34","createdAt":"2018-11-02T23:21:06.448Z"}
{"_id":"XGASpR4QSiCwEJBXy","batchId":"f8JrnqrvaYpbQ6LMN","playerId":"dbbCxu4pb8SnEWzxy","stageId":"ktXwgy5PSacrzy5Xv","roundId":"FedDxXDRGhDGxR2km","gameId":"iRsRatFu2GNMjYS34","createdAt":"2018-11-02T23:21:06.467Z"}
{"_id":"b4gs2xWyCdvALzDAF","batchId":"f8JrnqrvaYpbQ6LMN","playerId":"orT9LRZcAQNQeSYxg","stageId":"ktXwgy5PSacrzy5Xv","roundId":"FedDxXDRGhDGxR2km","gameId":"iRsRatFu2GNMjYS34","createdAt":"2018-11-02T23:21:06.568Z"}
{"_id":"p8gFyWbZDwhwyAbx5","batchId":"f8JrnqrvaYpbQ6LMN","playerId":"2xbSqCzyfB8NJYLAr","stageId":"eQY8nmBacxh9uWuxZ","roundId":"Jzd9ZDrcEJAosBTQo","gameId":"2MXHsXo7TGGhgfhAh","createdAt":"2018-11-02T22:38:58.461Z"}
{"_id":"9SPDrNd8ChDEtBoC3","batchId":"f8JrnqrvaYpbQ6LMN","playerId":"3n4tmWgT85rBsL5xn","stageId":"eQY8nmBacxh9uWuxZ","roundId":"Jzd9ZDrcEJAosBTQo","gameId":"2MXHsXo7TGGhgfhAh","createdAt":"2018-11-02T22:38:58.465Z"}
{"_id":"qs47BAN57E2DtnKPS","batchId":"f8JrnqrvaYpbQ6LMN","playerId":"2xbSqCzyfB8NJYLAr","stageId":"fKeyRRdLD3uL42ppE","roundId":"Jzd9ZDrcEJAosBTQo","gameId":"2MXHsXo7TGGhgfhAh","createdAt":"2018-11-02T22:38:58.560Z"}
{"_id":"7xfMxKAzM6rdkWtXK","batchId":"f8JrnqrvaYpbQ6LMN","playerId":"3n4tmWgT85rBsL5xn","stageId":"fKeyRRdLD3uL42ppE","roundId":"Jzd9ZDrcEJAosBTQo","gameId":"2MXHsXo7TGGhgfhAh","createdAt":"2018-11-02T22:38:58.567Z"}
{"_id":"Ycpj47vDTh3rmKyjT","batchId":"f8JrnqrvaYpbQ6LMN","playerId":"2xbSqCzyfB8NJYLAr","stageId":"BRH8me4cfgjapcKw5","roundId":"Jzd9ZDrcEJAosBTQo","gameId":"2MXHsXo7TGGhgfhAh","createdAt":"2018-11-02T22:38:58.650Z"}
{"_id":"c4rYqeLa4cXxa6gGk","batchId":"f8JrnqrvaYpbQ6LMN","playerId":"3n4tmWgT85rBsL5xn","stageId":"BRH8me4cfgjapcKw5","roundId":"Jzd9ZDrcEJAosBTQo","gameId":"2MXHsXo7TGGhgfhAh","createdAt":"2018-11-02T22:38:58.655Z"}
{"_id":"BdBbsrwrR8sFkk8uE","batchId":"f8JrnqrvaYpbQ6LMN","playerId":"dbbCxu4pb8SnEWzxy","stageId":"3cRk9Yhy5yfco9SZu","roundId":"FedDxXDRGhDGxR2km","gameId":"iRsRatFu2GNMjYS34","createdAt":"2018-11-02T23:21:06.345Z"}
{"_id":"ukyAP6mEsmrWtcy7s","batchId":"f8JrnqrvaYpbQ6LMN","playerId":"orT9LRZcAQNQeSYxg","stageId":"3cRk9Yhy5yfco9SZu","roundId":"FedDxXDRGhDGxR2km","gameId":"iRsRatFu2GNMjYS34","createdAt":"2018-11-02T23:21:06.349Z"}
{"_id":"KAjst5vZBWnqzAKWz","batchId":"f8JrnqrvaYpbQ6LMN","playerId":"dbbCxu4pb8SnEWzxy","stageId":"qKoCsB7GEwdtXP37h","roundId":"FedDxXDRGhDGxR2km","gameId":"iRsRatFu2GNMjYS34","createdAt":"2018-11-02T23:21:06.374Z"}
{"_id":"Zry3H5YARBx5YzRp7","batchId":"XDndtaKwPBjehTd9y","playerId":"XPTwgrwvSqfGmdpyi","stageId":"MacojALZHTyBtPgRq","roundId":"BLCQhM88X2ndCeWNZ","gameId":"kYuXsLe5F3XCa5SnE","createdAt":"2018-11-03T01:10:18.337Z"}
{"_id":"BDevm8L9pm95rDFqC","batchId":"XDndtaKwPBjehTd9y","playerId":"fgde22uGgkfS3XBSM","stageId":"MacojALZHTyBtPgRq","roundId":"BLCQhM88X2ndCeWNZ","gameId":"kYuXsLe5F3XCa5SnE","createdAt":"2018-11-03T01:10:18.341Z"}
{"_id":"xLi8EvT6w93SK758Z","batchId":"XDndtaKwPBjehTd9y","playerId":"XPTwgrwvSqfGmdpyi","stageId":"RuhSMYC5i7eiG7P44","roundId":"BLCQhM88X2ndCeWNZ","gameId":"kYuXsLe5F3XCa5SnE","createdAt":"2018-11-03T01:10:18.439Z"}
{"_id":"23nhzd7qDNMGjaSsE","batchId":"XDndtaKwPBjehTd9y","playerId":"fgde22uGgkfS3XBSM","stageId":"RuhSMYC5i7eiG7P44","roundId":"BLCQhM88X2ndCeWNZ","gameId":"kYuXsLe5F3XCa5SnE","createdAt":"2018-11-03T01:10:18.443Z"}
{"_id":"BueLpFBqEyQWPSesD","batchId":"XDndtaKwPBjehTd9y","playerId":"XPTwgrwvSqfGmdpyi","stageId":"ZkuyvKGiyZEFuRAb9","roundId":"BLCQhM88X2ndCeWNZ","gameId":"kYuXsLe5F3XCa5SnE","createdAt":"2018-11-03T01:10:18.530Z"}
{"_id":"YM7gxAQ9zLwnPip9M","batchId":"XDndtaKwPBjehTd9y","playerId":"fgde22uGgkfS3XBSM","stageId":"ZkuyvKGiyZEFuRAb9","roundId":"BLCQhM88X2ndCeWNZ","gameId":"kYuXsLe5F3XCa5SnE","createdAt":"2018-11-03T01:10:18.534Z"}
{"_id":"58ZmYEM6LixMZyEt9","batchId":"XDndtaKwPBjehTd9y","playerId":"jz2iE5WJAEndCuwXy","stageId":"avgEzcsufFsGu5hTi","roundId":"B4qpcFfPF89zzvrq8","gameId":"B4h4AGtPqtbj7kfgw","createdAt":"2018-11-03T01:32:17.343Z"}
{"_id":"rKhryjKh3rJytfRWs","batchId":"XDndtaKwPBjehTd9y","playerId":"nC5yjGvAa3rJrvT3F","stageId":"avgEzcsufFsGu5hTi","roundId":"B4qpcFfPF89zzvrq8","gameId":"B4h4AGtPqtbj7kfgw","createdAt":"2018-11-03T01:32:17.347Z"}
{"_id":"NDMJzFCtbhw5f5zXL","batchId":"XDndtaKwPBjehTd9y","playerId":"jz2iE5WJAEndCuwXy","stageId":"orSpEibLECnfHzp8h","roundId":"B4qpcFfPF89zzvrq8","gameId":"B4h4AGtPqtbj7kfgw","createdAt":"2018-11-03T01:32:17.439Z"}
{"_id":"qfbJd7htGNDSWFZ56","batchId":"XDndtaKwPBjehTd9y","playerId":"nC5yjGvAa3rJrvT3F","stageId":"orSpEibLECnfHzp8h","roundId":"B4qpcFfPF89zzvrq8","gameId":"B4h4AGtPqtbj7kfgw","createdAt":"2018-11-03T01:32:17.442Z"}
{"_id":"Kv2DL2oZwne8JABpo","batchId":"XDndtaKwPBjehTd9y","playerId":"jz2iE5WJAEndCuwXy","stageId":"KWrkboKdhjNLdNGAF","roundId":"B4qpcFfPF89zzvrq8","gameId":"B4h4AGtPqtbj7kfgw","createdAt":"2018-11-03T01:32:17.530Z"}
{"_id":"9WhcHCgdQCcN7KeFN","batchId":"XDndtaKwPBjehTd9y","playerId":"nC5yjGvAa3rJrvT3F","stageId":"KWrkboKdhjNLdNGAF","roundId":"B4qpcFfPF89zzvrq8","gameId":"B4h4AGtPqtbj7kfgw","createdAt":"2018-11-03T01:32:17.533Z"}
{"_id":"EiuhXNXTy7mumsALF","batchId":"FJYEXh3g3t3uA6yRp","playerId":"EJ6GNpFkMwtBAqxqd","stageId":"DsNrz22tp3vfuxP9e","roundId":"CsCNJQqPi6u6DtZP8","gameId":"gJC2aK6XgPtncBYf8","createdAt":"2018-11-03T13:02:50.430Z"}
{"_id":"CsZyorxezmqLfcnQ7","batchId":"FJYEXh3g3t3uA6yRp","playerId":"kq77GyiXmjs6ZeR9J","stageId":"DsNrz22tp3vfuxP9e","roundId":"CsCNJQqPi6u6DtZP8","gameId":"gJC2aK6XgPtncBYf8","createdAt":"2018-11-03T13:02:50.434Z"}
{"_id":"whsLkFMifzE5FyHnT","batchId":"FJYEXh3g3t3uA6yRp","playerId":"EJ6GNpFkMwtBAqxqd","stageId":"XbDNXer2L2gzFzTbD","roundId":"CsCNJQqPi6u6DtZP8","gameId":"gJC2aK6XgPtncBYf8","createdAt":"2018-11-03T13:02:50.524Z"}
{"_id":"uJMr3MRcb8CsqAvR7","batchId":"FJYEXh3g3t3uA6yRp","playerId":"kq77GyiXmjs6ZeR9J","stageId":"XbDNXer2L2gzFzTbD","roundId":"CsCNJQqPi6u6DtZP8","gameId":"gJC2aK6XgPtncBYf8","createdAt":"2018-11-03T13:02:50.529Z"}
{"_id":"8E74x4wcRKhg7SfCz","batchId":"FJYEXh3g3t3uA6yRp","playerId":"EJ6GNpFkMwtBAqxqd","stageId":"6fuYKjkJCqhpkC2PS","roundId":"CsCNJQqPi6u6DtZP8","gameId":"gJC2aK6XgPtncBYf8","createdAt":"2018-11-03T13:02:50.548Z"}
{"_id":"FdASMdPBttJ3z85Ry","batchId":"FJYEXh3g3t3uA6yRp","playerId":"kq77GyiXmjs6ZeR9J","stageId":"6fuYKjkJCqhpkC2PS","roundId":"CsCNJQqPi6u6DtZP8","gameId":"gJC2aK6XgPtncBYf8","createdAt":"2018-11-03T13:02:50.624Z"}
