{"_id":"QLKf37mHiZYD5F9xp","id":"AYGJUG9FNEJVI","urlParams":{},"exitStepsDone":[],"exitAt":"2018-11-02T18:36:38.958Z","exitStatus":"gameLobbyTimedOut","createdAt":"2018-11-02T18:30:58.374Z"}
{"_id":"9eEdddNu9ZCT6oM9D","id":"Radio","urlParams":{},"readyAt":"2018-11-02T18:32:50.669Z","exitStepsDone":[],"exitAt":"2018-11-02T18:37:51.547Z","exitStatus":"gameLobbyTimedOut","createdAt":"2018-11-02T18:31:00.333Z"}
{"_id":"4Z6t6WNTNMzZDgnfz","id":"A1GRN111GB7MPR","urlParams":{},"exitStepsDone":[],"exitAt":"2018-11-02T18:37:51.547Z","exitStatus":"gameLobbyTimedOut","createdAt":"2018-11-02T18:31:21.269Z"}
{"_id":"sPbKr84AP2r9xfi8k","id":"yes","urlParams":{},"exitStepsDone":[],"exitAt":"2018-11-02T18:37:51.547Z","exitStatus":"gameLobbyTimedOut","createdAt":"2018-11-02T18:31:22.344Z"}
{"_id":"XwxoAYfQKi3QZsFSc","id":"A1Z5GJ9ZT65RNE","urlParams":{},"readyAt":"2018-11-02T18:31:09.073Z","exitStepsDone":["ExitSurvey"],"exitAt":"2018-11-02T19:19:33.094Z","exitStatus":"finished","createdAt":"2018-11-02T18:28:48.419Z","data.name":"Anne","data.avatar":"/avatars/jdenticon/Colton","data.nameColor":"#3D50B7","data.score":0,"data.satisfied":false}
{"_id":"wBJkBDcfMmrH8Hmsp","id":"A3SCPCR9V1IODH","urlParams":{},"readyAt":"2018-11-02T18:31:55.477Z","exitStepsDone":["ExitSurvey"],"exitAt":"2018-11-02T19:19:33.094Z","exitStatus":"finished","createdAt":"2018-11-02T18:30:22.752Z","data.name":"Charlie","data.avatar":"/avatars/jdenticon/Aaron","data.nameColor":"#70A945","data.score":0,"data.satisfied":false}
{"_id":"zx5vfohpBEKWtDCus","id":"2222222222222222222222","urlParams":{},"exitStepsDone":[],"exitAt":"2018-11-02T18:37:51.547Z","exitStatus":"gameLobbyTimedOut","createdAt":"2018-11-02T18:33:30.668Z"}
{"_id":"5K4smDCdyBeNTsbjv","id":"A3HYLVFUDKJFKC","urlParams":{},"exitStepsDone":[],"exitAt":"2018-11-02T18:37:51.547Z","exitStatus":"gameLobbyTimedOut","createdAt":"2018-11-02T18:36:24.882Z"}
{"_id":"cmtG2p7KgPcainy6j","id":"A1FHOY12VSXUMK","urlParams":{},"readyAt":"2018-11-02T18:35:34.649Z","exitStepsDone":[],"exitAt":"2018-11-02T19:18:14.683Z","exitStatus":"finished","createdAt":"2018-11-02T18:34:25.705Z","data.name":"Anne","data.avatar":"/avatars/jdenticon/Colton","data.nameColor":"#3D50B7","data.score":0,"data.satisfied":false}
{"_id":"ndqYX2jc4Td6aexNL","id":"A2WDF40FA670T9","urlParams":{},"readyAt":"2018-11-02T18:36:41.252Z","exitStepsDone":[],"exitAt":"2018-11-02T19:18:14.683Z","exitStatus":"finished","createdAt":"2018-11-02T18:34:56.527Z","data.name":"Charlie","data.avatar":"/avatars/jdenticon/Aaron","data.nameColor":"#70A945","data.score":0,"data.satisfied":false}
{"_id":"x8FqNKoo4yK23gda5","id":"AYJDIMKGMGCF9","urlParams":{},"readyAt":"2018-11-02T18:31:38.048Z","exitStepsDone":[],"exitAt":"2018-11-02T18:36:38.958Z","exitStatus":"gameLobbyTimedOut","createdAt":"2018-11-02T18:30:19.909Z"}
{"_id":"7FzqebgSKcR8mLmmw","id":"A2F0A4FIVT9M3O","urlParams":{},"readyAt":"2018-11-02T18:34:14.856Z","exitStepsDone":[],"exitAt":"2018-11-02T19:26:48.732Z","exitStatus":"finished","createdAt":"2018-11-02T18:31:50.050Z","data.name":"Anne","data.avatar":"/avatars/jdenticon/Colton","data.nameColor":"#3D50B7","data.score":0,"data.satisfied":false}
{"_id":"TYw4bAZ2zrAdtHwhE","id":"A232KB6BKXTLR","urlParams":{},"readyAt":"2018-11-02T18:34:58.545Z","exitStepsDone":[],"exitAt":"2018-11-02T19:26:48.732Z","exitStatus":"finished","createdAt":"2018-11-02T18:32:17.954Z","data.name":"Charlie","data.avatar":"/avatars/jdenticon/Aaron","data.nameColor":"#70A945","data.score":0,"data.satisfied":false}
{"_id":"EkbPA4reCq82mj5Jb","id":"A1DJEWE7PY7YQX","urlParams":{},"readyAt":"2018-11-02T18:32:57.947Z","exitStepsDone":[],"exitAt":"2018-11-02T18:37:51.547Z","exitStatus":"gameLobbyTimedOut","createdAt":"2018-11-02T18:31:46.602Z"}
{"_id":"W7D2vikg88oed5sg2","id":"A1KAIOBTXQ77A6","urlParams":{},"exitStepsDone":[],"exitAt":"2018-11-02T20:45:22.362Z","exitStatus":"gameLobbyTimedOut","createdAt":"2018-11-02T20:21:08.581Z"}
{"_id":"3zwYR2faGdzaSCjN5","id":"AMHMXS8P6WLI5","urlParams":{},"readyAt":"2018-11-02T20:17:58.450Z","exitStepsDone":[],"exitAt":"2018-11-02T20:22:58.572Z","exitStatus":"gameLobbyTimedOut","createdAt":"2018-11-02T20:15:25.250Z"}
{"_id":"ZWXxzsc2f7TXfMy7P","id":"A3UIAULC40RQDN","urlParams":{},"exitStepsDone":[],"exitAt":"2018-11-02T21:06:01.354Z","exitStatus":"gameLobbyTimedOut","createdAt":"2018-11-02T20:29:06.747Z"}
{"_id":"4ZbQRPEexQmpeDRX3","id":"A2WLGVXAVT2XTR","urlParams":{},"exitStepsDone":[],"exitAt":"2018-11-02T21:06:01.354Z","exitStatus":"gameLobbyTimedOut","createdAt":"2018-11-02T20:34:25.122Z"}
{"_id":"cbRpBcYQYGZYqokQw","id":"A3KG8ELWICQTJW","urlParams":{},"exitStepsDone":[],"exitAt":"2018-11-02T21:06:01.354Z","exitStatus":"gameLobbyTimedOut","createdAt":"2018-11-02T21:05:06.052Z"}
{"_id":"H9Q8Qw5b4pwzGF5Lr","id":"A7YK2E0G9N9HC","urlParams":{},"exitStepsDone":[],"exitAt":"2018-11-03T01:36:30.734Z","exitStatus":"gameLobbyTimedOut","createdAt":"2018-11-03T00:26:06.463Z"}
{"_id":"3DWoy4m3czza5XZar","id":"A33BMZB3JCJWDS","urlParams":{},"exitStepsDone":[],"exitAt":"2018-11-03T01:36:30.734Z","exitStatus":"gameLobbyTimedOut","createdAt":"2018-11-03T00:32:08.773Z"}
{"_id":"spZgXWcbs4GP29twg","id":"A2TSQKDCL70W14","urlParams":{},"readyAt":"2018-11-02T20:36:39.244Z","exitStepsDone":[],"exitAt":"2018-11-02T20:41:40.070Z","exitStatus":"gameLobbyTimedOut","createdAt":"2018-11-02T20:34:28.506Z"}
{"_id":"dHRdpfw59HhgMWogL","id":"AQIR9592C90NV","urlParams":{},"readyAt":"2018-11-02T20:40:21.744Z","exitStepsDone":[],"exitAt":"2018-11-02T20:45:22.362Z","exitStatus":"gameLobbyTimedOut","createdAt":"2018-11-02T20:39:16.902Z"}
{"_id":"YDWYHBcevX5bFq7kk","id":"A7SXWHGK8B40R","urlParams":{},"readyAt":"2018-11-02T20:52:29.457Z","exitStepsDone":[],"exitAt":"2018-11-02T21:42:33.398Z","exitStatus":"finished","createdAt":"2018-11-02T20:50:17.044Z","data.name":"Anne","data.avatar":"/avatars/jdenticon/Colton","data.nameColor":"#3D50B7","data.score":0,"data.satisfied":false}
{"_id":"mCsKqz34Zab47ED4r","id":"a2znhvde31peo7","urlParams":{},"readyAt":"2018-11-02T20:50:43.345Z","exitStepsDone":["ExitSurvey"],"exitAt":"2018-11-02T21:42:33.398Z","exitStatus":"finished","createdAt":"2018-11-02T20:48:38.844Z","data.name":"Charlie","data.avatar":"/avatars/jdenticon/Aaron","data.nameColor":"#70A945","data.score":0,"data.satisfied":true}
{"_id":"KBrTiZ8w2HAApcv8y","id":"AFHX0W4VN26UF","urlParams":{},"readyAt":"2018-11-02T20:47:48.344Z","exitStepsDone":[],"exitAt":"2018-11-02T21:06:01.354Z","exitStatus":"gameLobbyTimedOut","createdAt":"2018-11-02T20:46:13.049Z"}
{"_id":"Pk6MRDSTkMrRmHzNw","id":"A1WISFBL3J5Z12","urlParams":{},"readyAt":"2018-11-02T21:01:01.158Z","exitStepsDone":[],"exitAt":"2018-11-02T21:06:01.354Z","exitStatus":"gameLobbyTimedOut","createdAt":"2018-11-02T20:50:09.435Z"}
{"_id":"bmHQM3XZtrBsbRqCL","id":"A1B1SO8PO53MRG","urlParams":{},"readyAt":"2018-11-02T20:46:32.559Z","exitStepsDone":[],"exitAt":"2018-11-02T21:06:01.354Z","exitStatus":"gameLobbyTimedOut","createdAt":"2018-11-02T20:45:26.745Z"}
{"_id":"tdiAr2SFaMcTNY55L","id":"A1WSMYOECOO5KV","urlParams":{},"readyAt":"2018-11-02T22:36:51.344Z","exitStepsDone":[],"exitAt":"2018-11-02T23:21:07.049Z","exitStatus":"gameFull","createdAt":"2018-11-02T22:33:13.952Z"}
{"_id":"3PbzeGZy3w394AwmF","id":"A2BAJ0T6KQJCTG","urlParams":{},"exitStepsDone":[],"exitAt":"2018-11-02T23:21:07.049Z","exitStatus":"gameFull","createdAt":"2018-11-02T22:35:49.696Z"}
{"_id":"2jb3Pg6uckTJHcdNG","id":"AY31F9HRH93H5","urlParams":{},"readyAt":"2018-11-02T22:33:44.449Z","exitStepsDone":[],"exitAt":"2018-11-02T22:38:44.805Z","exitStatus":"gameLobbyTimedOut","createdAt":"2018-11-02T22:31:34.520Z"}
{"_id":"2xbSqCzyfB8NJYLAr","id":"A1QDQU3TJHQYAU","urlParams":{},"readyAt":"2018-11-02T22:38:59.249Z","exitStepsDone":["ExitSurvey"],"exitAt":"2018-11-02T23:01:53.966Z","exitStatus":"finished","createdAt":"2018-11-02T22:38:15.347Z","data.name":"Anne","data.avatar":"/avatars/jdenticon/Colton","data.nameColor":"#3D50B7","data.score":0,"data.satisfied":true}
{"_id":"3n4tmWgT85rBsL5xn","id":"A13CN7SR7YK1F3","urlParams":{},"readyAt":"2018-11-02T22:36:15.746Z","exitStepsDone":["ExitSurvey"],"exitAt":"2018-11-02T23:01:53.966Z","exitStatus":"finished","createdAt":"2018-11-02T22:34:16.549Z","data.name":"Charlie","data.avatar":"/avatars/jdenticon/Aaron","data.nameColor":"#70A945","data.score":0,"data.satisfied":true}
{"_id":"GDnRXTe5npnjHpK6z","id":"A1F7HH83A48D47","urlParams":{},"readyAt":"2018-11-02T22:50:53.365Z","exitStepsDone":[],"exitAt":"2018-11-02T23:02:32.146Z","exitStatus":"gameLobbyTimedOut","createdAt":"2018-11-02T22:49:00.813Z"}
{"_id":"QHrtWexNbhjX7MXpL","id":"A2T3N9U2VPSFUM","urlParams":{},"readyAt":"2018-11-02T23:02:11.847Z","exitStepsDone":[],"exitAt":"2018-11-02T23:07:11.887Z","exitStatus":"gameLobbyTimedOut","createdAt":"2018-11-02T23:01:04.451Z"}
{"_id":"dbbCxu4pb8SnEWzxy","id":"A2Y7W27383P5CB","urlParams":{},"readyAt":"2018-11-02T23:17:07.393Z","exitStepsDone":[],"exitAt":"2018-11-03T00:11:11.749Z","exitStatus":"finished","createdAt":"2018-11-02T23:14:37.253Z","data.name":"Anne","data.avatar":"/avatars/jdenticon/Colton","data.nameColor":"#3D50B7","data.score":0,"data.satisfied":false}
{"_id":"orT9LRZcAQNQeSYxg","id":"A3K4IXC8ZSRV8H","urlParams":{},"readyAt":"2018-11-02T23:21:07.572Z","exitStepsDone":[],"exitAt":"2018-11-03T00:11:11.749Z","exitStatus":"finished","createdAt":"2018-11-02T23:19:56.652Z","data.name":"Charlie","data.avatar":"/avatars/jdenticon/Aaron","data.nameColor":"#70A945","data.score":0,"data.satisfied":false}
{"_id":"shQLXYjgKz3wnpBf3","id":"A3VZFFM13AP1MF","urlParams":{},"exitStepsDone":[],"exitAt":"2018-11-03T01:36:30.734Z","exitStatus":"gameLobbyTimedOut","createdAt":"2018-11-03T00:27:23.616Z"}
{"_id":"EhyzsHck9yZnmcJFH","id":"AYXDE087J2KO","urlParams":{},"exitStepsDone":[],"exitAt":"2018-11-03T00:48:45.640Z","exitStatus":"gameLobbyTimedOut","createdAt":"2018-11-03T00:37:35.134Z"}
{"_id":"2qncBz78yFSRbWgnf","id":"MTurk ID","urlParams":{},"exitStepsDone":[],"exitAt":"2018-11-03T00:49:56.493Z","exitStatus":"gameLobbyTimedOut","createdAt":"2018-11-03T00:39:00.583Z"}
{"_id":"zmNCknTqBB7GYgchh","id":"A2X9VV3B0FZKHY","urlParams":{},"exitStepsDone":[],"exitAt":"2018-11-03T01:36:30.734Z","exitStatus":"gameLobbyTimedOut","createdAt":"2018-11-03T00:45:20.873Z"}
{"_id":"TfEqB8tJB9yubb5y6","id":"A1XSL223UP6NMI","urlParams":{},"readyAt":"2018-11-03T00:43:44.830Z","exitStepsDone":[],"exitAt":"2018-11-03T00:48:45.640Z","exitStatus":"gameLobbyTimedOut","createdAt":"2018-11-03T00:39:18.625Z"}
{"_id":"GfYrwynNgmysXtDZh","id":"A317RA15E0SZ4P","urlParams":{},"readyAt":"2018-11-03T00:44:55.916Z","exitStepsDone":[],"exitAt":"2018-11-03T00:49:56.493Z","exitStatus":"gameLobbyTimedOut","createdAt":"2018-11-03T00:42:17.152Z"}
{"_id":"Q86ZBCBx3aNb57zFJ","id":"AE73DZ1B5ELB","urlParams":{},"readyAt":"2018-11-03T00:54:29.158Z","exitStepsDone":[],"exitAt":"2018-11-03T01:36:30.734Z","exitStatus":"gameLobbyTimedOut","createdAt":"2018-11-03T00:52:56.988Z"}
{"_id":"XPTwgrwvSqfGmdpyi","id":"DanTEst4","urlParams":{},"readyAt":"2018-11-03T01:10:19.435Z","exitStepsDone":["ExitSurvey"],"exitAt":"2018-11-03T01:12:20.474Z","exitStatus":"finished","createdAt":"2018-11-03T01:10:10.686Z","data.name":"Anne","data.avatar":"/avatars/jdenticon/Colton","data.nameColor":"#3D50B7","data.score":0,"data.satisfied":true}
{"_id":"fgde22uGgkfS3XBSM","id":"DanTEst2","urlParams":{},"readyAt":"2018-11-03T01:09:44.768Z","exitStepsDone":["ExitSurvey"],"exitAt":"2018-11-03T01:12:20.474Z","exitStatus":"finished","createdAt":"2018-11-03T01:09:35.828Z","data.name":"Charlie","data.avatar":"/avatars/jdenticon/Aaron","data.nameColor":"#70A945","data.score":0,"data.satisfied":true}
{"_id":"ZJjbuzjJ5vvHqeGtt","id":"A1L2VVX6L5OAIW","urlParams":{},"exitStepsDone":[],"exitAt":"2018-11-03T01:36:30.734Z","exitStatus":"gameLobbyTimedOut","createdAt":"2018-11-03T01:31:44.125Z"}
{"_id":"jz2iE5WJAEndCuwXy","id":"A6Z0BO3QWHX8U","urlParams":{},"readyAt":"2018-11-03T01:32:18.629Z","exitStepsDone":["ExitSurvey"],"exitAt":"2018-11-03T01:52:16.664Z","exitStatus":"finished","createdAt":"2018-11-03T01:30:58.532Z","data.name":"Anne","data.avatar":"/avatars/jdenticon/Colton","data.nameColor":"#3D50B7","data.score":0,"data.satisfied":true}
{"_id":"nC5yjGvAa3rJrvT3F","id":"DanTest5","urlParams":{},"readyAt":"2018-11-03T01:17:42.443Z","exitStepsDone":["ExitSurvey"],"exitAt":"2018-11-03T01:52:16.664Z","exitStatus":"finished","createdAt":"2018-11-03T01:14:22.170Z","data.name":"Charlie","data.avatar":"/avatars/jdenticon/Aaron","data.nameColor":"#70A945","data.score":0,"data.satisfied":true}
{"_id":"mrAicD2jxgJ4hcyGK","id":"AN97L0D8U31MS","urlParams":{},"exitStepsDone":[],"exitAt":"2018-11-03T01:36:30.734Z","exitStatus":"gameLobbyTimedOut","createdAt":"2018-11-03T01:35:56.778Z"}
{"_id":"GthA7n2Lg6SEA9EvE","id":"A2MYLV7DGUL42B","urlParams":{},"readyAt":"2018-11-03T01:11:01.155Z","exitStepsDone":[],"exitAt":"2018-11-03T01:36:30.734Z","exitStatus":"gameLobbyTimedOut","createdAt":"2018-11-03T01:09:40.332Z"}
{"_id":"PmteiMNvhqbw5j2ni","id":"A122XBTHLAFX51","urlParams":{},"readyAt":"2018-11-03T01:13:25.240Z","exitStepsDone":[],"exitAt":"2018-11-03T01:36:30.734Z","exitStatus":"gameLobbyTimedOut","createdAt":"2018-11-03T01:11:29.925Z"}
{"_id":"kQk8XphzLzKNbWJAL","id":"A3HZXJA4G2P4G7","urlParams":{},"readyAt":"2018-11-03T01:31:30.049Z","exitStepsDone":[],"exitAt":"2018-11-03T01:36:30.734Z","exitStatus":"gameLobbyTimedOut","createdAt":"2018-11-03T01:29:18.883Z"}
{"_id":"qAiLuqcsDWXSHnPEu","id":"A17FH2XXC1LTYG","urlParams":{},"readyAt":"2018-11-03T00:53:24.551Z","exitStepsDone":[],"exitAt":"2018-11-03T01:36:30.734Z","exitStatus":"gameLobbyTimedOut","createdAt":"2018-11-03T00:51:16.160Z"}
{"_id":"F87fPNkMB5o9wtjhj","id":"A240OTT1T85UGT","urlParams":{},"exitStepsDone":[],"exitAt":"2018-11-03T13:02:50.940Z","exitStatus":"gameFull","createdAt":"2018-11-03T11:30:58.164Z"}
{"_id":"uToyPm2CWbButdYYE","id":"A2BPTCJOOCSCUF","urlParams":{},"readyAt":"2018-11-03T11:26:16.439Z","exitStepsDone":[],"exitAt":"2018-11-03T11:31:17.039Z","exitStatus":"gameLobbyTimedOut","createdAt":"2018-11-03T11:22:56.325Z"}
{"_id":"AwNmAMpmSv4R67F79","id":"A1D2X824OQTL4W","urlParams":{},"exitStepsDone":[],"exitAt":"2018-11-03T12:55:26.956Z","exitStatus":"gameLobbyTimedOut","createdAt":"2018-11-03T11:34:30.328Z"}
{"_id":"SKBgr7igrPEZCQRgX","id":"A2X4F7K9G49DDC","urlParams":{},"readyAt":"2018-11-03T11:37:52.256Z","exitStepsDone":[],"exitAt":"2018-11-03T13:02:50.940Z","exitStatus":"gameFull","createdAt":"2018-11-03T11:36:38.312Z"}
{"_id":"wCATbvnMDwjCs3KNs","id":"A2WWKCWR04ZO1B","urlParams":{},"exitStepsDone":[],"exitAt":"2018-11-03T12:55:26.956Z","exitStatus":"gameLobbyTimedOut","createdAt":"2018-11-03T11:47:51.116Z"}
{"_id":"SxrgJBoCCNm9anFyG","id":"A30S0XM9F4RSHU","urlParams":{},"exitStepsDone":[],"exitAt":"2018-11-03T12:12:58.639Z","exitStatus":"gameLobbyTimedOut","createdAt":"2018-11-03T11:50:06.831Z"}
{"_id":"svxnh8XGQibvzvyYM","id":"ASJSRTPWPGMVW","urlParams":{},"exitStepsDone":[],"exitAt":"2018-11-03T12:49:56.287Z","exitStatus":"gameLobbyTimedOut","createdAt":"2018-11-03T11:50:33.067Z"}
{"_id":"ZEknqhHwq7byb4kfp","id":"A1W2YSMYC57OAX","urlParams":{},"readyAt":"2018-11-03T12:04:47.242Z","exitStepsDone":[],"exitAt":"2018-11-03T12:12:58.639Z","exitStatus":"gameLobbyTimedOut","createdAt":"2018-11-03T12:03:21.333Z"}
{"_id":"NscsQhgedwzQfpXp3","id":"A3VSFX7SLY3ISM","urlParams":{},"exitStepsDone":[],"exitAt":"2018-11-03T13:02:50.940Z","exitStatus":"gameFull","createdAt":"2018-11-03T12:42:35.218Z"}
{"_id":"i4h3DTLEDhZgZivpG","id":"A8KATEGMDWNG6","urlParams":{},"readyAt":"2018-11-03T12:44:55.457Z","exitStepsDone":[],"exitAt":"2018-11-03T12:49:56.287Z","exitStatus":"gameLobbyTimedOut","createdAt":"2018-11-03T12:41:54.212Z"}
{"_id":"yuEkCCsvcQKpP7AXX","id":"A2RJN060P6LYUD","urlParams":{},"readyAt":"2018-11-03T12:22:53.524Z","exitStepsDone":[],"exitAt":"2018-11-03T12:49:56.287Z","exitStatus":"gameLobbyTimedOut","createdAt":"2018-11-03T12:20:53.642Z"}
{"_id":"H9NxwqCWa5qs3vLwn","id":"Harriet","urlParams":{},"exitStepsDone":[],"exitAt":"2018-11-03T12:55:26.956Z","exitStatus":"gameLobbyTimedOut","createdAt":"2018-11-03T12:50:20.563Z"}
{"_id":"9wikAuigFECt8K3xh","id":"A309G5V3N3EZUK","urlParams":{},"exitStepsDone":[],"exitAt":"2018-11-03T12:55:26.956Z","exitStatus":"gameLobbyTimedOut","createdAt":"2018-11-03T12:54:51.832Z"}
{"_id":"Xag3tM3BZA3ymMwzE","id":"A1S88VQY8G8CNC","urlParams":{},"readyAt":"2018-11-03T12:45:41.801Z","exitStepsDone":[],"exitAt":"2018-11-03T12:55:26.956Z","exitStatus":"gameLobbyTimedOut","createdAt":"2018-11-03T12:43:40.729Z"}
{"_id":"MYQavHMPnXi7c4gDW","id":"A3J09NHCUDECT4","urlParams":{},"exitStepsDone":[],"exitAt":"2018-11-03T13:02:50.940Z","exitStatus":"gameFull","createdAt":"2018-11-03T12:59:43.627Z"}
{"_id":"EJ6GNpFkMwtBAqxqd","id":"A12SJSJIUR3A23","urlParams":{},"readyAt":"2018-11-03T13:02:52.033Z","exitStepsDone":[],"exitAt":"2018-11-03T13:52:55.466Z","exitStatus":"finished","createdAt":"2018-11-03T13:00:49.051Z","data.name":"Anne","data.avatar":"/avatars/jdenticon/Colton","data.nameColor":"#3D50B7","data.score":0,"data.satisfied":false}
{"_id":"kq77GyiXmjs6ZeR9J","id":"A3KG9SM9F0X8RL","urlParams":{},"readyAt":"2018-11-03T12:58:23.928Z","exitStepsDone":[],"exitAt":"2018-11-03T13:52:55.466Z","exitStatus":"finished","createdAt":"2018-11-03T12:57:20.109Z","data.name":"Charlie","data.avatar":"/avatars/jdenticon/Aaron","data.nameColor":"#70A945","data.score":0,"data.satisfied":false}
