{"_id":"hAPEKfGDWNoXvHFiF","batchId":"A3xBPYbaPLZ6ajmjB","playerId":"XwxoAYfQKi3QZsFSc","roundId":"6nKdhBvx4omQ7nGeP","gameId":"faDMJ9p4gHsoArrih","createdAt":"2018-11-02T18:31:54.764Z"}
{"_id":"cKom6dYJyNu8HAP3v","batchId":"A3xBPYbaPLZ6ajmjB","playerId":"wBJkBDcfMmrH8Hmsp","roundId":"6nKdhBvx4omQ7nGeP","gameId":"faDMJ9p4gHsoArrih","createdAt":"2018-11-02T18:31:54.770Z"}
{"_id":"jiJg5GXEti9WrFyv6","batchId":"A3xBPYbaPLZ6ajmjB","playerId":"cmtG2p7KgPcainy6j","roundId":"2oQTkj7jzCMk3xNx8","gameId":"ys46NdpYXkT3iDsbm","createdAt":"2018-11-02T18:36:38.644Z"}
{"_id":"kbYy7zZJWGqtL5ceF","batchId":"A3xBPYbaPLZ6ajmjB","playerId":"ndqYX2jc4Td6aexNL","roundId":"2oQTkj7jzCMk3xNx8","gameId":"ys46NdpYXkT3iDsbm","createdAt":"2018-11-02T18:36:38.649Z"}
{"_id":"4X2pD2p4yp3hffcnm","batchId":"A3xBPYbaPLZ6ajmjB","playerId":"7FzqebgSKcR8mLmmw","roundId":"gjiQiG63kYmripfpw","gameId":"ucKZyuEzmBytdfKL8","createdAt":"2018-11-02T18:36:44.765Z"}
{"_id":"iRLuomSGJvnqbdy7b","batchId":"A3xBPYbaPLZ6ajmjB","playerId":"TYw4bAZ2zrAdtHwhE","roundId":"gjiQiG63kYmripfpw","gameId":"ucKZyuEzmBytdfKL8","createdAt":"2018-11-02T18:36:44.844Z"}
{"_id":"SN2gweJTRu87bFzkb","batchId":"PQNriKperEK6x8CkQ","playerId":"YDWYHBcevX5bFq7kk","roundId":"NntnbDHogeAFgntcD","gameId":"m2x3HHoJbwdHSXXCM","createdAt":"2018-11-02T20:52:28.450Z"}
{"_id":"CzmYGTGqDf6gB3m5t","batchId":"PQNriKperEK6x8CkQ","playerId":"mCsKqz34Zab47ED4r","roundId":"NntnbDHogeAFgntcD","gameId":"m2x3HHoJbwdHSXXCM","createdAt":"2018-11-02T20:52:28.454Z"}
{"_id":"AAyRm6utcTetrsoRR","batchId":"f8JrnqrvaYpbQ6LMN","playerId":"2xbSqCzyfB8NJYLAr","roundId":"Jzd9ZDrcEJAosBTQo","gameId":"2MXHsXo7TGGhgfhAh","createdAt":"2018-11-02T22:38:58.668Z"}
{"_id":"kcRQQwQ4ZW9jNszDk","batchId":"f8JrnqrvaYpbQ6LMN","playerId":"3n4tmWgT85rBsL5xn","roundId":"Jzd9ZDrcEJAosBTQo","gameId":"2MXHsXo7TGGhgfhAh","createdAt":"2018-11-02T22:38:58.673Z"}
{"_id":"AWkdpkMENghSZohFB","batchId":"f8JrnqrvaYpbQ6LMN","playerId":"dbbCxu4pb8SnEWzxy","roundId":"FedDxXDRGhDGxR2km","gameId":"iRsRatFu2GNMjYS34","createdAt":"2018-11-02T23:21:06.662Z"}
{"_id":"EimC7jLccfAeZr854","batchId":"f8JrnqrvaYpbQ6LMN","playerId":"orT9LRZcAQNQeSYxg","roundId":"FedDxXDRGhDGxR2km","gameId":"iRsRatFu2GNMjYS34","createdAt":"2018-11-02T23:21:06.668Z"}
{"_id":"JS5LrKTvFDuynd56f","batchId":"XDndtaKwPBjehTd9y","playerId":"XPTwgrwvSqfGmdpyi","roundId":"BLCQhM88X2ndCeWNZ","gameId":"kYuXsLe5F3XCa5SnE","createdAt":"2018-11-03T01:10:18.547Z"}
{"_id":"yAiZtGHhjSXX5Q6F8","batchId":"XDndtaKwPBjehTd9y","playerId":"fgde22uGgkfS3XBSM","roundId":"BLCQhM88X2ndCeWNZ","gameId":"kYuXsLe5F3XCa5SnE","createdAt":"2018-11-03T01:10:18.551Z"}
{"_id":"tLHtdNi5TNnuKvJ7o","batchId":"XDndtaKwPBjehTd9y","playerId":"jz2iE5WJAEndCuwXy","roundId":"B4qpcFfPF89zzvrq8","gameId":"B4h4AGtPqtbj7kfgw","createdAt":"2018-11-03T01:32:17.548Z"}
{"_id":"gd62fcRSaxnqdGWhX","batchId":"XDndtaKwPBjehTd9y","playerId":"nC5yjGvAa3rJrvT3F","roundId":"B4qpcFfPF89zzvrq8","gameId":"B4h4AGtPqtbj7kfgw","createdAt":"2018-11-03T01:32:17.554Z"}
{"_id":"LGKo5JHCSdpr4q67b","batchId":"FJYEXh3g3t3uA6yRp","playerId":"EJ6GNpFkMwtBAqxqd","roundId":"CsCNJQqPi6u6DtZP8","gameId":"gJC2aK6XgPtncBYf8","createdAt":"2018-11-03T13:02:50.641Z"}
{"_id":"3MzX6upQ2PE9s6Mnb","batchId":"FJYEXh3g3t3uA6yRp","playerId":"kq77GyiXmjs6ZeR9J","roundId":"CsCNJQqPi6u6DtZP8","gameId":"gJC2aK6XgPtncBYf8","createdAt":"2018-11-03T13:02:50.645Z"}
