{"_id":"6nKdhBvx4omQ7nGeP","index":0,"stageIds":["HkYhrgTTy9XaHX86f","Zu8buzdyckqDbKY4W","MkuyezvipZn7kFg6e"],"gameId":"faDMJ9p4gHsoArrih","createdAt":"2018-11-02T18:31:54.146Z"}
{"_id":"2oQTkj7jzCMk3xNx8","index":0,"stageIds":["p8RBsrjuFhfa6oHBH","wE9hrYzfGwvZnup5F","debvssd69xhxJmDeB"],"gameId":"ys46NdpYXkT3iDsbm","createdAt":"2018-11-02T18:36:38.152Z"}
{"_id":"gjiQiG63kYmripfpw","index":0,"stageIds":["4r2H2yYkAYCBfZcwu","sj8oGy7Ej3gTHodmb","cJeNDCGaQqaSxq93C"],"gameId":"ucKZyuEzmBytdfKL8","createdAt":"2018-11-02T18:36:44.257Z"}
{"_id":"NntnbDHogeAFgntcD","index":0,"stageIds":["9W2Z7AJuTgPdzcrKx","h9WBKh6KQqhZTcsvw","Kn8wCeePHP55nPgvj"],"gameId":"m2x3HHoJbwdHSXXCM","createdAt":"2018-11-02T20:52:28.148Z"}
{"_id":"Jzd9ZDrcEJAosBTQo","index":0,"stageIds":["eQY8nmBacxh9uWuxZ","fKeyRRdLD3uL42ppE","BRH8me4cfgjapcKw5"],"gameId":"2MXHsXo7TGGhgfhAh","createdAt":"2018-11-02T22:38:58.448Z"}
{"_id":"FedDxXDRGhDGxR2km","index":0,"stageIds":["3cRk9Yhy5yfco9SZu","qKoCsB7GEwdtXP37h","ktXwgy5PSacrzy5Xv"],"gameId":"iRsRatFu2GNMjYS34","createdAt":"2018-11-02T23:21:06.253Z"}
{"_id":"BLCQhM88X2ndCeWNZ","index":0,"stageIds":["MacojALZHTyBtPgRq","RuhSMYC5i7eiG7P44","ZkuyvKGiyZEFuRAb9"],"gameId":"kYuXsLe5F3XCa5SnE","createdAt":"2018-11-03T01:10:18.327Z"}
{"_id":"B4qpcFfPF89zzvrq8","index":0,"stageIds":["avgEzcsufFsGu5hTi","orSpEibLECnfHzp8h","KWrkboKdhjNLdNGAF"],"gameId":"B4h4AGtPqtbj7kfgw","createdAt":"2018-11-03T01:32:17.330Z"}
{"_id":"CsCNJQqPi6u6DtZP8","index":0,"stageIds":["DsNrz22tp3vfuxP9e","XbDNXer2L2gzFzTbD","6fuYKjkJCqhpkC2PS"],"gameId":"gJC2aK6XgPtncBYf8","createdAt":"2018-11-03T13:02:50.344Z"}
