{"_id":"xMqzpzSbaXr5yiz4J","assignment":"simple","full":true,"runningAt":"2018-10-31T14:17:15.648Z","finishedAt":"2018-10-31T14:40:39.321Z","status":"finished","gameIds":[],"gameLobbyIds":["wgviroJuWcWKAh5aH"],"createdAt":"2018-10-31T14:17:11.662Z"}
{"_id":"q3q9TxKftoL8WqSZy","assignment":"simple","full":true,"runningAt":"2018-10-31T16:43:07.265Z","finishedAt":"2018-10-31T17:17:00.715Z","status":"finished","gameIds":[],"gameLobbyIds":["6ST9QE6fnEv3fYie6"],"createdAt":"2018-10-31T16:43:05.967Z"}
{"_id":"nzk7TJssG5j9C32cN","assignment":"simple","full":true,"runningAt":"2018-11-02T08:55:36.843Z","finishedAt":"2018-11-02T09:37:04.446Z","status":"finished","gameIds":[],"gameLobbyIds":["8Tn4MkTfXgBnaHay7"],"createdAt":"2018-11-02T08:55:34.445Z"}
{"_id":"pDS9PXoPYtMTQWEuo","assignment":"simple","full":false,"runningAt":"2018-11-02T09:43:48.397Z","status":"running","gameIds":[],"gameLobbyIds":["vZ9SjwZuGpXMqt8Yg","kkid65NHxZaZoRfgy","P5BqW4aAuqv7KJBfu","CQXcNDxnadn6axiQt","XJcnMPnKbfWxmPMfi"],"createdAt":"2018-11-02T09:43:45.951Z"}
