{"_id":"HMerXsPsmJF5xvQdq","name":"solo","value":1,"factorTypeId":"3FKCjmxwKeXzzyPdt","createdAt":"2018-10-30T16:07:13.005Z"}
{"_id":"ESdsaP6TBk7nvpEJk","name":"dyad","value":2,"factorTypeId":"3FKCjmxwKeXzzyPdt","createdAt":"2018-10-30T16:07:13.103Z"}
{"_id":"bgQCDQp9RspDrkwCp","name":"true","value":true,"factorTypeId":"BWfna89zCHZWjQANR","createdAt":"2018-10-30T16:07:39.905Z"}
{"_id":"GFXd5RuLqQ6QQGEmd","name":"false","value":false,"factorTypeId":"BWfna89zCHZWjQANR","createdAt":"2018-10-30T16:07:39.986Z"}
{"_id":"wKE2gimdSTxfryFrX","name":"short","value":300,"factorTypeId":"HSi5AeK2LzD29Sfz4","createdAt":"2018-10-30T16:07:40.085Z"}
{"_id":"vFoWs24JoC9TetLdm","name":"single","value":1,"factorTypeId":"sSPSjDpYfDu2Dtv4n","createdAt":"2018-10-30T16:07:40.109Z"}
{"_id":"XrEEtF2oHLEAARtch","name":"multi","value":3,"factorTypeId":"sSPSjDpYfDu2Dtv4n","createdAt":"2018-10-30T16:07:40.183Z"}
{"_id":"3aNnE7LLy33YXQgwQ","name":"debugMode","value":1000,"factorTypeId":"HSi5AeK2LzD29Sfz4","createdAt":"2018-10-30T16:07:40.202Z"}
