{"_id":"zYND9NhjKqiniXGG8","finishedAt":"2018-10-31T14:40:39.238Z","gameLobbyId":"wgviroJuWcWKAh5aH","treatmentId":"kR6pYBKSSLHmK4kvX","roundIds":["Dohho4gZt2dPMH3zy"],"playerIds":["Bh7zYDgtGAnzc4aCM","JymXN3em696QASZNP"],"batchId":"xMqzpzSbaXr5yiz4J","createdAt":"2018-10-31T14:19:29.620Z"}
{"_id":"SeFWESv37kvk6HCZr","finishedAt":"2018-10-31T17:17:00.519Z","gameLobbyId":"6ST9QE6fnEv3fYie6","treatmentId":"kR6pYBKSSLHmK4kvX","roundIds":["xi6BjDtSZ7XDXcMDZ"],"playerIds":["Kcr5ZYRvZhaFXrXyY","Kk9nbBJy5oMQvJr3R"],"batchId":"q3q9TxKftoL8WqSZy","createdAt":"2018-10-31T16:48:08.624Z"}
