{"_id":"wgviroJuWcWKAh5aH","index":0,"availableCount":2,"timeoutStartedAt":"2018-10-31T14:17:53.103Z","queuedPlayerIds":["Bh7zYDgtGAnzc4aCM","JymXN3em696QASZNP"],"playerIds":["Bh7zYDgtGAnzc4aCM","JymXN3em696QASZNP"],"gameId":"zYND9NhjKqiniXGG8","treatmentId":"kR6pYBKSSLHmK4kvX","batchId":"xMqzpzSbaXr5yiz4J","lobbyConfigId":"Lc8KYBfFivciWJ8B5","createdAt":"2018-10-31T14:17:11.726Z"}
{"_id":"6ST9QE6fnEv3fYie6","index":0,"availableCount":2,"timeoutStartedAt":"2018-10-31T16:46:34.412Z","queuedPlayerIds":["Kcr5ZYRvZhaFXrXyY","Kk9nbBJy5oMQvJr3R"],"playerIds":["Kcr5ZYRvZhaFXrXyY","Kk9nbBJy5oMQvJr3R"],"gameId":"SeFWESv37kvk6HCZr","treatmentId":"kR6pYBKSSLHmK4kvX","batchId":"q3q9TxKftoL8WqSZy","lobbyConfigId":"Lc8KYBfFivciWJ8B5","createdAt":"2018-10-31T16:43:06.019Z"}
{"_id":"8Tn4MkTfXgBnaHay7","index":0,"availableCount":2,"timeoutStartedAt":"2018-11-02T09:32:03.724Z","timedOutAt":"2018-11-02T09:37:04.369Z","queuedPlayerIds":["SuXyWXPFPrYrXcTjL","EKmzZtqEGarn8uBmg","JvP26Cvw8sHJGdxyQ","uCX8292brkgkRxkkN","WHqpnxiHuPQbkyvA7","2aGixkkzL8AjXFpQK"],"playerIds":["uCX8292brkgkRxkkN"],"treatmentId":"kR6pYBKSSLHmK4kvX","batchId":"nzk7TJssG5j9C32cN","lobbyConfigId":"Lc8KYBfFivciWJ8B5","createdAt":"2018-11-02T08:55:34.652Z"}
{"_id":"vZ9SjwZuGpXMqt8Yg","index":0,"availableCount":2,"timeoutStartedAt":"2018-11-02T09:50:28.840Z","timedOutAt":"2018-11-02T09:55:28.949Z","queuedPlayerIds":["FbovioA34F83cSyp4","ky7ErP8PvsXtrn3RP"],"playerIds":["FbovioA34F83cSyp4"],"treatmentId":"kR6pYBKSSLHmK4kvX","batchId":"pDS9PXoPYtMTQWEuo","lobbyConfigId":"Lc8KYBfFivciWJ8B5","createdAt":"2018-11-02T09:43:46.045Z"}
{"_id":"kkid65NHxZaZoRfgy","index":1,"availableCount":2,"queuedPlayerIds":["u8rGXq2oLaD6scPny"],"playerIds":[],"treatmentId":"kR6pYBKSSLHmK4kvX","batchId":"pDS9PXoPYtMTQWEuo","lobbyConfigId":"Lc8KYBfFivciWJ8B5","createdAt":"2018-11-02T09:43:46.061Z"}
{"_id":"P5BqW4aAuqv7KJBfu","index":2,"availableCount":2,"timeoutStartedAt":"2018-11-02T10:23:55.646Z","queuedPlayerIds":["JLuQnB8MznPXHJJKe"],"playerIds":["JLuQnB8MznPXHJJKe"],"treatmentId":"kR6pYBKSSLHmK4kvX","batchId":"pDS9PXoPYtMTQWEuo","lobbyConfigId":"Lc8KYBfFivciWJ8B5","createdAt":"2018-11-02T09:43:46.149Z"}
{"_id":"CQXcNDxnadn6axiQt","index":3,"availableCount":2,"timeoutStartedAt":"2018-11-02T10:13:07.637Z","timedOutAt":"2018-11-02T10:18:07.835Z","queuedPlayerIds":["fkSZ5kytL544373Ap"],"playerIds":["fkSZ5kytL544373Ap"],"treatmentId":"kR6pYBKSSLHmK4kvX","batchId":"pDS9PXoPYtMTQWEuo","lobbyConfigId":"Lc8KYBfFivciWJ8B5","createdAt":"2018-11-02T09:43:46.164Z"}
{"_id":"XJcnMPnKbfWxmPMfi","index":4,"availableCount":2,"timeoutStartedAt":"2018-11-02T10:09:56.354Z","timedOutAt":"2018-11-02T10:14:56.538Z","queuedPlayerIds":["48eP5kSJKpe2D82Wx"],"playerIds":["48eP5kSJKpe2D82Wx"],"treatmentId":"kR6pYBKSSLHmK4kvX","batchId":"pDS9PXoPYtMTQWEuo","lobbyConfigId":"Lc8KYBfFivciWJ8B5","createdAt":"2018-11-02T09:43:46.246Z"}
