{"_id":"mThbD2hqTZMfZ78mQ","batchId":"xMqzpzSbaXr5yiz4J","playerId":"Bh7zYDgtGAnzc4aCM","roundId":"Dohho4gZt2dPMH3zy","gameId":"zYND9NhjKqiniXGG8","createdAt":"2018-10-31T14:19:29.512Z"}
{"_id":"XaQndXhZJrLyZ5qpa","batchId":"xMqzpzSbaXr5yiz4J","playerId":"JymXN3em696QASZNP","roundId":"Dohho4gZt2dPMH3zy","gameId":"zYND9NhjKqiniXGG8","createdAt":"2018-10-31T14:19:29.517Z"}
{"_id":"azTPWyP54vZ23npjR","batchId":"q3q9TxKftoL8WqSZy","playerId":"Kcr5ZYRvZhaFXrXyY","roundId":"xi6BjDtSZ7XDXcMDZ","gameId":"SeFWESv37kvk6HCZr","createdAt":"2018-10-31T16:48:08.605Z"}
{"_id":"bfRJD2zXcJqXcNTJC","batchId":"q3q9TxKftoL8WqSZy","playerId":"Kk9nbBJy5oMQvJr3R","roundId":"xi6BjDtSZ7XDXcMDZ","gameId":"SeFWESv37kvk6HCZr","createdAt":"2018-10-31T16:48:08.610Z"}
