{"_id":"ni6yEZoJj6SwfMmy2","batchId":"xMqzpzSbaXr5yiz4J","playerId":"JymXN3em696QASZNP","stageId":"FGEp2LnYLzny5rvEr","roundId":"Dohho4gZt2dPMH3zy","gameId":"zYND9NhjKqiniXGG8","createdAt":"2018-10-31T14:19:29.302Z"}
{"_id":"YGWsteBzHdcqW6v4S","batchId":"xMqzpzSbaXr5yiz4J","playerId":"Bh7zYDgtGAnzc4aCM","stageId":"FGEp2LnYLzny5rvEr","roundId":"Dohho4gZt2dPMH3zy","gameId":"zYND9NhjKqiniXGG8","createdAt":"2018-10-31T14:19:29.225Z"}
{"_id":"iNjFmxksQyYrXbNjn","batchId":"xMqzpzSbaXr5yiz4J","playerId":"Bh7zYDgtGAnzc4aCM","stageId":"S2jpm4qEx6fJAR4cv","roundId":"Dohho4gZt2dPMH3zy","gameId":"zYND9NhjKqiniXGG8","createdAt":"2018-10-31T14:19:29.326Z"}
{"_id":"hWQkcnsaC7wP3Kvc9","batchId":"xMqzpzSbaXr5yiz4J","playerId":"JymXN3em696QASZNP","stageId":"S2jpm4qEx6fJAR4cv","roundId":"Dohho4gZt2dPMH3zy","gameId":"zYND9NhjKqiniXGG8","createdAt":"2018-10-31T14:19:29.331Z"}
{"_id":"hvmnbkytC7N2phf4A","batchId":"xMqzpzSbaXr5yiz4J","playerId":"Bh7zYDgtGAnzc4aCM","stageId":"YNjj3aRHEEhytiFZt","roundId":"Dohho4gZt2dPMH3zy","gameId":"zYND9NhjKqiniXGG8","createdAt":"2018-10-31T14:19:29.421Z"}
{"_id":"3ho3zqhfebYveetre","batchId":"xMqzpzSbaXr5yiz4J","playerId":"JymXN3em696QASZNP","stageId":"YNjj3aRHEEhytiFZt","roundId":"Dohho4gZt2dPMH3zy","gameId":"zYND9NhjKqiniXGG8","createdAt":"2018-10-31T14:19:29.426Z"}
{"_id":"agWcGjYcDNaXKLHun","batchId":"q3q9TxKftoL8WqSZy","playerId":"Kcr5ZYRvZhaFXrXyY","stageId":"9biThoRpNrLjvw8j3","roundId":"xi6BjDtSZ7XDXcMDZ","gameId":"SeFWESv37kvk6HCZr","createdAt":"2018-10-31T16:48:08.230Z"}
{"_id":"oDFesZQfpe7oFhG3t","batchId":"q3q9TxKftoL8WqSZy","playerId":"Kk9nbBJy5oMQvJr3R","stageId":"9biThoRpNrLjvw8j3","roundId":"xi6BjDtSZ7XDXcMDZ","gameId":"SeFWESv37kvk6HCZr","createdAt":"2018-10-31T16:48:08.320Z"}
{"_id":"WmqtSPwvFkuanKCdA","batchId":"q3q9TxKftoL8WqSZy","playerId":"Kcr5ZYRvZhaFXrXyY","stageId":"DRuDW6jWvvMiqw8gJ","roundId":"xi6BjDtSZ7XDXcMDZ","gameId":"SeFWESv37kvk6HCZr","createdAt":"2018-10-31T16:48:08.405Z"}
{"_id":"zqmNjTrPw77uQenyg","batchId":"q3q9TxKftoL8WqSZy","playerId":"Kk9nbBJy5oMQvJr3R","stageId":"DRuDW6jWvvMiqw8gJ","roundId":"xi6BjDtSZ7XDXcMDZ","gameId":"SeFWESv37kvk6HCZr","createdAt":"2018-10-31T16:48:08.411Z"}
{"_id":"8a5gEZXzGjbxWP5KW","batchId":"q3q9TxKftoL8WqSZy","playerId":"Kcr5ZYRvZhaFXrXyY","stageId":"x9KsCEFjkt5XJQFqj","roundId":"xi6BjDtSZ7XDXcMDZ","gameId":"SeFWESv37kvk6HCZr","createdAt":"2018-10-31T16:48:08.508Z"}
{"_id":"BBQhtWomZAaZNredA","batchId":"q3q9TxKftoL8WqSZy","playerId":"Kk9nbBJy5oMQvJr3R","stageId":"x9KsCEFjkt5XJQFqj","roundId":"xi6BjDtSZ7XDXcMDZ","gameId":"SeFWESv37kvk6HCZr","createdAt":"2018-10-31T16:48:08.516Z"}
